,pdb,chain,CATH Domain,Class Number,Architecture Number,Topology Number,Superfamily Number,S35 Number,S60 Number,S95 Number,S100 Number,S100 Count Number,Domain Length,Resolution
5,1oks,A,1oksA00,1,10,8,10,5,1,1,1,1,51,1.8
4,4heo,B,4heoB00,1,10,8,10,4,1,1,2,1,57,1.65
3,4heo,A,4heoA00,1,10,8,10,4,1,1,1,1,53,1.65
2,4g3o,A,4g3oA00,1,10,8,10,3,1,1,1,1,53,1.6
0,1oai,A,1oaiA00,1,10,8,10,1,1,1,1,1,59,1.0
6,4wp2,F,4wp2F00,1,10,8,10,6,1,1,1,1,55,1.7
1,1go5,A,1go5A00,1,10,8,10,1,1,1,1,2,69,999.0
7,4wp2,B,4wp2B00,1,10,8,10,6,1,1,2,1,57,1.7
10,4wp2,A,4wp2A00,1,10,8,10,6,1,1,5,1,60,1.7
8,4wp2,D,4wp2D00,1,10,8,10,6,1,1,3,1,57,1.7
9,4wp2,H,4wp2H00,1,10,8,10,6,1,1,4,1,57,1.7
11,4wp2,C,4wp2C00,1,10,8,10,6,1,1,6,1,60,1.7
14,4f2l,A,4f2lA00,1,10,8,10,7,1,1,1,1,59,1.5
15,2ltu,A,2ltuA00,1,10,8,10,7,2,1,1,1,62,999.0
12,4wp2,E,4wp2E00,1,10,8,10,6,1,1,7,1,60,1.7
13,4wp2,G,4wp2G00,1,10,8,10,6,1,1,8,1,60,1.7
16,1zv1,A,1zv1A00,1,10,8,10,8,1,1,1,1,59,1.6
17,1zv1,B,1zv1B00,1,10,8,10,8,1,1,1,2,59,1.6
20,2qho,D,2qhoD00,1,10,8,10,9,1,1,1,1,49,1.85
21,2qho,F,2qhoF00,1,10,8,10,9,1,1,1,2,49,1.85
22,2qho,H,2qhoH00,1,10,8,10,9,1,1,1,3,48,1.85
23,2qho,B,2qhoB00,1,10,8,10,9,1,1,1,4,47,1.85
19,2jz0,B,2jz0B00,1,10,8,10,8,1,1,1,5,65,999.0
18,2jz0,A,2jz0A00,1,10,8,10,8,1,1,1,4,65,999.0
24,4un2,B,4un2B00,1,10,8,10,10,1,1,1,1,43,1.51
25,2bwb,A,2bwbA00,1,10,8,10,10,1,1,2,1,46,2.3
27,2bwb,D,2bwbD00,1,10,8,10,10,1,1,2,3,45,2.3
29,2bwb,B,2bwbB00,1,10,8,10,10,1,1,2,5,44,2.3
28,2bwb,G,2bwbG00,1,10,8,10,10,1,1,2,4,45,2.3
26,2bwb,C,2bwbC00,1,10,8,10,10,1,1,2,2,46,2.3
30,2bwb,E,2bwbE00,1,10,8,10,10,1,1,2,6,44,2.3
31,2bwb,F,2bwbF00,1,10,8,10,10,1,1,2,7,44,2.3
33,2bwb,I,2bwbI00,1,10,8,10,10,1,1,2,9,40,2.3
34,2bwe,B,2bweB00,1,10,8,10,10,1,1,2,10,48,3.1
32,2bwb,H,2bwbH00,1,10,8,10,10,1,1,2,8,44,2.3
35,2bwe,C,2bweC00,1,10,8,10,10,1,1,2,11,48,3.1
36,2bwe,D,2bweD00,1,10,8,10,10,1,1,2,12,47,3.1
37,2bwe,K,2bweK00,1,10,8,10,10,1,1,2,13,47,3.1
39,2bwe,A,2bweA00,1,10,8,10,10,1,1,2,15,46,3.1
38,2bwe,Q,2bweQ00,1,10,8,10,10,1,1,2,14,47,3.1
42,2bwe,J,2bweJ00,1,10,8,10,10,1,1,2,18,46,3.1
40,2bwe,E,2bweE00,1,10,8,10,10,1,1,2,16,46,3.1
43,2bwe,L,2bweL00,1,10,8,10,10,1,1,2,19,46,3.1
46,2bwe,R,2bweR00,1,10,8,10,10,1,1,2,22,46,3.1
41,2bwe,G,2bweG00,1,10,8,10,10,1,1,2,17,46,3.1
44,2bwe,N,2bweN00,1,10,8,10,10,1,1,2,20,46,3.1
45,2bwe,O,2bweO00,1,10,8,10,10,1,1,2,21,46,3.1
47,2bwe,F,2bweF00,1,10,8,10,10,1,1,2,23,45,3.1
49,2bwe,I,2bweI00,1,10,8,10,10,1,1,2,25,45,3.1
48,2bwe,H,2bweH00,1,10,8,10,10,1,1,2,24,45,3.1
50,2bwe,M,2bweM00,1,10,8,10,10,1,1,2,26,45,3.1
52,1t6o,A,1t6oA00,1,10,8,10,12,1,1,1,1,49,2.0
53,2k9d,A,2k9dA00,1,10,8,10,12,1,1,2,1,44,999.0
51,2bwe,P,2bweP00,1,10,8,10,10,1,1,2,27,44,3.1
55,2ooa,A,2ooaA00,1,10,8,10,13,1,1,1,1,41,1.56
54,5lxj,A,5lxjA00,1,10,8,10,12,1,2,1,1,53,999.0
57,2oob,A,2oobA00,1,10,8,10,13,1,1,3,1,44,1.9
63,1mn3,A,1mn3A00,1,10,8,10,14,1,2,1,1,52,2.3
62,1p3q,Q,1p3qQ00,1,10,8,10,14,1,1,1,1,43,1.7
58,2jnh,A,2jnhA00,1,10,8,10,13,1,1,3,2,44,999.0
59,2oo9,A,2oo9A00,1,10,8,10,13,2,1,1,1,44,2.1
56,2ooa,B,2ooaB00,1,10,8,10,13,1,1,2,1,41,1.56
61,2juj,A,2jujA00,1,10,8,10,13,2,2,1,1,56,999.0
60,2oo9,B,2oo9B00,1,10,8,10,13,2,1,2,1,42,2.1
66,3e21,A,3e21A00,1,10,8,10,18,1,1,1,1,40,1.73
64,3bbz,A,3bbzA00,1,10,8,10,16,1,1,1,1,48,2.1
65,3bbz,B,3bbzB00,1,10,8,10,16,1,1,1,2,48,2.1
67,1dv0,A,1dv0A00,1,10,8,10,22,2,1,1,1,45,999.0
69,1f4i,A,1f4iA00,1,10,8,10,22,2,1,2,1,45,999.0
68,1uba,A,1ubaA00,1,10,8,10,22,2,1,1,2,45,1000.0
71,1ixs,A,1ixsA00,1,10,8,10,35,1,1,1,1,50,3.2
70,2dak,A,2dakA00,1,10,8,10,25,1,2,1,1,63,999.0
76,2knv,B,2knvB00,1,10,8,10,45,1,1,1,5,52,999.0
73,2jy7,A,2jy7A00,1,10,8,10,45,1,1,1,2,52,999.0
72,1q02,A,1q02A00,1,10,8,10,45,1,1,1,1,52,999.0
74,2k0b,X,2k0bX00,1,10,8,10,45,1,1,1,3,52,999.0
75,2knv,A,2knvA00,1,10,8,10,45,1,1,1,4,52,999.0
78,2jy5,A,2jy5A00,1,10,8,10,46,1,1,1,1,52,999.0
77,2rru,A,2rruA00,1,10,8,10,45,1,2,1,1,53,999.0
79,2jy6,B,2jy6B00,1,10,8,10,46,1,1,1,2,52,999.0
81,2cwb,A,2cwbA00,1,10,8,10,46,2,1,1,1,46,999.0
82,2den,A,2denA00,1,10,8,10,46,2,1,1,2,46,999.0
80,2knz,A,2knzA00,1,10,8,10,46,1,2,1,1,53,999.0
83,2lvn,C,2lvnC00,1,10,8,10,47,1,1,1,1,52,999.0
84,2lvo,C,2lvoC00,1,10,8,10,47,1,1,1,2,52,999.0
86,2lvq,D,2lvqD00,1,10,8,10,47,1,1,1,4,52,999.0
85,2lvp,C,2lvpC00,1,10,8,10,47,1,1,1,3,52,999.0
87,2ejs,A,2ejsA00,1,10,8,10,47,1,1,2,1,58,999.0
88,2mgw,A,2mgwA00,1,10,8,10,48,1,1,1,1,52,999.0
89,2mj5,B,2mj5B00,1,10,8,10,48,1,1,1,2,52,999.0
90,2cp8,A,2cp8A00,1,10,8,10,48,1,2,1,1,54,999.0
91,1r4g,A,1r4gA00,1,10,8,10,49,1,1,1,1,53,999.0
92,1ify,A,1ifyA00,1,10,8,10,51,1,1,1,1,49,999.0
95,2jp7,A,2jp7A00,1,10,8,10,54,1,1,1,1,57,999.0
94,1otr,A,1otrA00,1,10,8,10,52,1,1,1,1,49,999.0
93,5xbo,B,5xboB00,1,10,8,10,51,1,1,1,2,49,999.0
96,2khh,A,2khhA00,1,10,8,10,54,1,1,1,2,57,999.0
97,2l4e,A,2l4eA00,1,10,8,10,55,1,1,1,1,57,999.0
99,1pgy,A,1pgyA00,1,10,8,10,56,1,1,1,1,47,999.0
98,2l4f,A,2l4fA00,1,10,8,10,55,1,1,1,2,57,999.0
100,2ekk,A,2ekkA00,1,10,8,10,57,1,1,1,1,47,999.0
101,1v92,A,1v92A00,1,10,8,10,59,1,1,1,1,46,999.0
103,2dhy,A,2dhyA00,1,10,8,10,62,2,1,1,1,67,999.0
102,1wgl,A,1wglA00,1,10,8,10,62,1,1,1,1,59,999.0
104,2mr9,A,2mr9A00,1,10,8,10,65,1,1,1,1,44,999.0
105,2mro,B,2mroB00,1,10,8,10,65,1,1,1,2,44,999.0
106,2g3q,A,2g3qA00,1,10,8,10,66,1,1,1,1,43,999.0
108,1wiv,A,1wivA00,1,10,8,10,67,2,1,1,1,73,999.0
107,1wgn,A,1wgnA00,1,10,8,10,67,1,1,1,1,63,999.0
109,2dzl,A,2dzlA00,1,10,8,10,68,1,1,1,1,66,999.0
111,1vdl,A,1vdlA00,1,10,8,10,69,2,1,1,1,80,999.0
110,2dam,A,2damA00,1,10,8,10,69,1,1,1,1,67,999.0
112,2dna,A,2dnaA00,1,10,8,10,70,1,1,1,1,67,999.0
114,1vej,A,1vejA00,1,10,8,10,70,3,1,1,1,74,999.0
113,1vg5,A,1vg5A00,1,10,8,10,70,2,1,1,1,73,999.0
115,2l2d,A,2l2dA00,1,10,8,10,71,1,1,1,1,73,999.0
116,2dae,A,2daeA00,1,10,8,10,72,1,1,1,1,75,999.0
119,2j5y,B,2j5yB00,1,10,8,40,1,1,1,1,2,61,1.4
118,2j5y,A,2j5yA00,1,10,8,40,1,1,1,1,1,61,1.4
117,2dai,A,2daiA00,1,10,8,10,73,1,1,1,1,83,999.0
121,1tf0,B,1tf0B00,1,10,8,40,1,1,1,1,4,53,2.7
120,2vdb,B,2vdbB00,1,10,8,40,1,1,1,1,3,55,2.52
122,1gab,A,1gabA00,1,10,8,40,1,1,1,1,5,53,999.0
125,2jws,A,2jwsA00,1,10,8,40,1,2,1,1,1,56,999.0
127,2lhc,A,2lhcA00,1,10,8,40,1,2,2,2,1,56,999.0
126,2kdl,A,2kdlA00,1,10,8,40,1,2,2,1,1,56,999.0
124,2n35,A,2n35A00,1,10,8,40,1,1,2,1,1,52,999.0
128,2lhg,A,2lhgA00,1,10,8,40,1,2,3,1,1,56,999.0
130,2fs1,A,2fs1A00,1,10,8,40,2,1,1,1,1,56,999.0
129,2mh8,A,2mh8A00,1,10,8,40,1,3,1,1,1,56,999.0
131,1gjs,A,1gjsA00,1,10,8,40,2,1,2,1,1,65,999.0
132,1gjt,A,1gjtA00,1,10,8,40,2,1,2,1,2,65,999.0
133,6bek,D,6bekD00,1,10,8,50,1,1,1,1,1,89,1.7
135,4itq,A,4itqA00,1,10,8,50,1,1,1,2,1,88,2.7
134,6bek,A,6bekA00,1,10,8,50,1,1,1,1,2,92,1.7
136,1qzm,A,1qzmA00,1,10,8,60,14,1,1,1,1,94,1.9
137,4git,A,4gitA00,1,10,8,60,14,2,1,1,1,92,2.88
138,4git,B,4gitB00,1,10,8,60,14,2,1,1,2,92,2.88
141,3vlf,D,3vlfD00,1,10,8,60,16,3,1,3,1,70,3.8
140,3vlf,B,3vlfB00,1,10,8,60,16,3,1,2,1,70,3.8
139,1x37,A,1x37A00,1,10,8,60,14,3,1,1,7,95,999.0
143,3aji,D,3ajiD00,1,10,8,60,20,1,1,1,2,73,2.05
142,3aji,B,3ajiB00,1,10,8,60,20,1,1,1,1,73,2.05
144,2dvw,B,2dvwB00,1,10,8,60,20,1,1,1,3,73,2.3
145,2dwz,B,2dwzB00,1,10,8,60,20,1,1,1,4,73,2.4
146,2dwz,D,2dwzD00,1,10,8,60,20,1,1,1,5,73,2.4
147,2dzn,F,2dznF00,1,10,8,60,20,2,1,1,1,69,2.2
148,2dzn,D,2dznD00,1,10,8,60,20,2,1,1,2,67,2.2
149,2dzn,B,2dznB00,1,10,8,60,20,2,1,1,3,57,2.2
150,2dzo,D,2dzoD00,1,10,8,60,20,2,1,1,4,67,3.0
151,2dzo,B,2dzoB00,1,10,8,60,20,2,1,1,5,57,3.0
152,3mhv,C,3mhvC00,1,10,8,60,55,1,1,1,1,102,3.1
153,2v6z,M,2v6zM00,1,10,8,60,60,1,1,1,1,75,999.0
157,4kt0,F,4kt0F00,1,10,8,110,1,1,1,1,4,141,2.8
158,6hqb,F,6hqbF00,1,10,8,110,1,1,1,1,5,143,4.0
162,1jb0,F,1jb0F00,1,10,8,110,2,1,1,1,1,141,2.5
154,5oy0,6,5oy0600,1,10,8,110,1,1,1,1,1,143,2.5
156,5oy0,f,5oy0f00,1,10,8,110,1,1,1,1,3,143,2.5
155,5oy0,F,5oy0F00,1,10,8,110,1,1,1,1,2,143,2.5
163,5l8r,F,5l8rF00,1,10,8,110,2,2,1,1,1,154,2.6
159,4l6v,6,4l6v600,1,10,8,110,1,1,2,1,1,125,3.8
160,4l6v,F,4l6vF00,1,10,8,110,1,1,2,1,2,125,3.8
164,4y28,F,4y28F00,1,10,8,110,2,2,1,2,1,150,2.8
165,4rku,F,4rkuF00,1,10,8,110,2,2,1,2,2,152,3.0
161,4l6v,f,4l6vf00,1,10,8,110,1,1,2,1,3,125,3.8
173,5zji,F,5zjiF00,1,10,8,110,2,2,3,1,1,158,3.3
175,6ijo,F,6ijoF00,1,10,8,110,2,3,1,1,2,164,3.3
174,6ijj,F,6ijjF00,1,10,8,110,2,3,1,1,1,164,2.89
177,5zgb,F,5zgbF00,1,10,8,110,2,4,1,1,1,154,3.63
178,5zgh,F,5zghF00,1,10,8,110,2,4,1,1,2,154,3.82
176,6igz,F,6igzF00,1,10,8,110,2,3,2,1,1,163,3.49
166,4xk8,F,4xk8F00,1,10,8,110,2,2,2,1,1,151,2.8
179,6fos,F,6fosF00,1,10,8,110,2,4,1,1,3,153,4.0
180,1gvn,A,1gvnA00,1,10,8,130,1,1,1,1,1,88,1.95
181,1gvn,C,1gvnC00,1,10,8,130,1,1,1,1,2,86,1.95
184,2p5t,A,2p5tA00,1,10,8,130,2,1,1,1,1,92,3.2
167,4xk8,f,4xk8f00,1,10,8,110,2,2,2,1,2,151,2.8
183,3q8x,C,3q8xC00,1,10,8,130,1,1,1,1,4,85,2.7
182,3q8x,A,3q8xA00,1,10,8,130,1,1,1,1,3,85,2.7
185,2p5t,C,2p5tC00,1,10,8,130,2,1,1,1,2,93,3.2
187,2p5t,E,2p5tE00,1,10,8,130,2,1,1,1,4,95,3.2
186,2p5t,G,2p5tG00,1,10,8,130,2,1,1,1,3,93,3.2
188,2fh0,A,2fh0A00,1,10,8,140,1,1,1,1,1,81,999.0
190,1no1,A,1no1A00,1,10,8,200,1,1,1,1,1,65,2.4
191,1no1,B,1no1B00,1,10,8,200,1,1,1,2,1,65,2.4
189,1eij,A,1eijA00,1,10,8,140,3,1,1,1,1,72,999.0
192,1no1,C,1no1C00,1,10,8,200,1,1,1,3,1,65,2.4
195,2ahm,B,2ahmB00,1,10,8,370,1,1,1,1,2,77,2.4
194,2ahm,A,2ahmA00,1,10,8,370,1,1,1,1,1,77,2.4
193,3c9p,A,3c9pA00,1,10,8,290,1,1,1,1,1,119,1.96
196,2ahm,D,2ahmD00,1,10,8,370,1,1,1,1,3,76,2.4
197,2ahm,C,2ahmC00,1,10,8,370,1,1,1,1,4,74,2.4
200,1nhw,D,1nhwD00,1,10,8,400,1,1,1,1,2,60,2.35
199,1nhw,C,1nhwC00,1,10,8,400,1,1,1,1,1,60,2.35
198,1ysy,A,1ysyA00,1,10,8,370,1,1,1,2,1,85,999.0
202,1nhg,D,1nhgD00,1,10,8,400,1,1,1,1,4,60,2.43
201,1nhg,C,1nhgC00,1,10,8,400,1,1,1,1,3,60,2.43
203,1nnu,C,1nnuC00,1,10,8,400,1,1,1,1,5,60,2.5
204,1nnu,D,1nnuD00,1,10,8,400,1,1,1,1,6,60,2.5
205,2foi,C,2foiC00,1,10,8,400,1,1,1,1,7,60,2.5
208,2nq8,D,2nq8D00,1,10,8,400,1,1,1,1,10,60,2.5
206,2foi,D,2foiD00,1,10,8,400,1,1,1,1,8,60,2.5
207,2nq8,C,2nq8C00,1,10,8,400,1,1,1,1,9,60,2.5
210,1nhd,D,1nhdD00,1,10,8,400,1,1,1,1,12,60,1000.0
209,1nhd,C,1nhdC00,1,10,8,400,1,1,1,1,11,60,1000.0
211,3hhw,A,3hhwA00,1,10,8,440,1,1,1,1,1,71,2.7
212,3hhw,B,3hhwB00,1,10,8,440,1,1,1,2,1,71,2.7
213,3hhw,C,3hhwC00,1,10,8,440,1,1,1,3,1,71,2.7
214,3hhw,D,3hhwD00,1,10,8,440,1,1,1,4,1,71,2.7
216,3hhz,A,3hhzA00,1,10,8,440,1,1,1,6,1,73,3.5
215,3hhw,E,3hhwE00,1,10,8,440,1,1,1,5,1,71,2.7
217,3hhz,B,3hhzB00,1,10,8,440,1,1,1,6,2,73,3.5
218,3hhz,C,3hhzC00,1,10,8,440,1,1,1,6,3,73,3.5
219,3hhz,D,3hhzD00,1,10,8,440,1,1,1,6,4,73,3.5
220,3hhz,E,3hhzE00,1,10,8,440,1,1,1,6,5,73,3.5
222,2y0t,A,2y0tA00,1,10,8,500,1,1,1,1,1,52,1.3
221,2k47,A,2k47A00,1,10,8,440,1,1,2,1,1,73,999.0
223,2y0t,B,2y0tB00,1,10,8,500,1,1,1,1,2,49,1.3
224,2l7i,A,2l7iA00,1,10,8,500,1,1,1,1,3,58,999.0
225,2l7i,B,2l7iB00,1,10,8,500,1,1,1,1,4,58,999.0
226,2y20,D,2y20D00,1,10,8,500,1,1,1,2,1,54,1.65
227,2y20,B,2y20B00,1,10,8,500,1,1,1,2,2,56,1.65
228,2y20,C,2y20C00,1,10,8,500,1,1,1,2,3,57,1.65
229,2y20,E,2y20E00,1,10,8,500,1,1,1,2,4,57,1.65
231,2y20,A,2y20A00,1,10,8,500,1,1,1,2,6,52,1.65
230,2y20,F,2y20F00,1,10,8,500,1,1,1,2,5,57,1.65
232,2y0q,D,2y0qD00,1,10,8,500,1,1,1,3,1,53,2.0
233,2y0q,B,2y0qB00,1,10,8,500,1,1,1,3,2,52,2.0
234,2y0q,A,2y0qA00,1,10,8,500,1,1,1,3,3,50,2.0
235,2y0q,C,2y0qC00,1,10,8,500,1,1,1,3,4,48,2.0
236,2y21,D,2y21D00,1,10,8,500,1,1,1,4,1,55,2.45
238,2y21,E,2y21E00,1,10,8,500,1,1,1,4,3,54,2.45
239,2y21,J,2y21J00,1,10,8,500,1,1,1,4,4,54,2.45
240,2y21,B,2y21B00,1,10,8,500,1,1,1,4,5,53,2.45
242,2y21,A,2y21A00,1,10,8,500,1,1,1,4,7,52,2.45
241,2y21,L,2y21L00,1,10,8,500,1,1,1,4,6,53,2.45
243,2y21,C,2y21C00,1,10,8,500,1,1,1,4,8,52,2.45
244,2y21,G,2y21G00,1,10,8,500,1,1,1,4,9,52,2.45
245,2y21,I,2y21I00,1,10,8,500,1,1,1,4,10,52,2.45
246,2y21,H,2y21H00,1,10,8,500,1,1,1,4,11,50,2.45
250,2asw,A,2aswA00,1,10,8,500,1,1,2,1,1,56,1000.0
247,2y21,K,2y21K00,1,10,8,500,1,1,1,4,12,49,2.45
248,2l7h,A,2l7hA00,1,10,8,500,1,1,1,5,1,58,999.0
249,2l7h,B,2l7hB00,1,10,8,500,1,1,1,5,2,58,999.0
251,2asw,B,2aswB00,1,10,8,500,1,1,2,1,2,56,1000.0
252,2asx,A,2asxA00,1,10,8,500,1,1,2,1,3,56,1000.0
257,2bnk,A,2bnkA00,1,10,8,600,1,1,1,1,1,64,2.9
254,2keb,A,2kebA00,1,10,8,530,1,1,1,1,1,78,999.0
253,2asx,B,2asxB00,1,10,8,500,1,1,2,1,4,56,1000.0
256,2euc,B,2eucB00,1,10,8,570,1,1,1,2,1,105,2.5
258,2bnk,B,2bnkB00,1,10,8,600,1,1,1,1,2,64,2.9
255,2euc,A,2eucA00,1,10,8,570,1,1,1,1,1,105,2.5
260,2c5r,B,2c5rB00,1,10,8,600,1,1,1,1,4,64,2.9
261,2c5r,C,2c5rC00,1,10,8,600,1,1,1,1,5,64,2.9
262,2c5r,D,2c5rD00,1,10,8,600,1,1,1,1,6,64,2.9
263,2c5r,E,2c5rE00,1,10,8,600,1,1,1,1,7,64,2.9
264,2c5r,F,2c5rF00,1,10,8,600,1,1,1,1,8,64,2.9
267,1z61,A,1z61A00,1,10,8,600,1,1,1,1,11,70,1000.0
266,1zae,B,1zaeB00,1,10,8,600,1,1,1,1,10,70,999.0
265,1zae,A,1zaeA00,1,10,8,600,1,1,1,1,9,70,999.0
268,1z61,B,1z61B00,1,10,8,600,1,1,1,1,12,70,1000.0
269,2hl7,A,2hl7A00,1,10,8,640,1,1,1,1,1,82,1.7
271,2eo2,A,2eo2A00,1,10,8,770,1,1,1,1,1,71,999.0
270,2kw0,A,2kw0A00,1,10,8,640,1,2,1,1,1,81,999.0
272,2kxe,A,2kxeA00,1,10,8,800,1,1,1,1,1,72,999.0
273,5grq,A,5grqA00,1,10,8,810,1,1,1,1,1,90,1.58
274,5grq,B,5grqB00,1,10,8,810,1,1,1,1,2,85,1.58
275,2kzs,A,2kzsA00,1,10,8,810,1,1,1,1,3,94,999.0
277,4gmq,A,4gmqA00,1,10,8,840,1,1,1,1,1,92,1.3
276,2kzu,A,2kzuA00,1,10,8,810,1,1,1,1,4,94,999.0
278,2lwx,A,2lwxA00,1,10,8,840,2,1,1,1,1,88,999.0
279,2m5z,A,2m5zA00,1,10,8,860,1,1,1,1,1,43,999.0
280,2m60,A,2m60A00,1,10,8,860,1,1,2,1,1,42,999.0
281,3ctw,B,3ctwB00,1,10,8,930,1,1,1,1,1,120,2.9
282,3ctw,D,3ctwD00,1,10,8,930,1,1,1,2,1,119,2.9
284,3d8l,B,3d8lB00,1,10,8,940,1,1,1,1,2,91,2.9
283,3d8l,A,3d8lA00,1,10,8,940,1,1,1,1,1,91,2.9
285,3d8l,C,3d8lC00,1,10,8,940,1,1,1,1,3,88,2.9
287,6co8,D,6co8D00,1,10,8,970,1,1,1,1,2,75,3.1
286,6co8,B,6co8B00,1,10,8,970,1,1,1,1,1,75,3.1
288,6co8,F,6co8F00,1,10,8,970,1,1,1,1,3,75,3.1
289,5iz7,D,5iz7D00,1,10,8,970,1,1,1,1,4,75,3.7
290,5iz7,E,5iz7E00,1,10,8,970,1,1,1,1,5,75,3.7
291,5iz7,F,5iz7F00,1,10,8,970,1,1,1,1,6,75,3.7
292,5ire,B,5ireB00,1,10,8,970,1,1,1,1,7,75,3.8
293,5ire,D,5ireD00,1,10,8,970,1,1,1,1,8,75,3.8
294,5ire,F,5ireF00,1,10,8,970,1,1,1,1,9,75,3.8
296,5h37,E,5h37E00,1,10,8,970,1,1,1,1,11,75,4.0
295,5h37,D,5h37D00,1,10,8,970,1,1,1,1,10,75,4.0
298,6mid,B,6midB00,1,10,8,970,1,1,1,1,13,75,4.0
299,6mid,D,6midD00,1,10,8,970,1,1,1,1,14,75,4.0
301,3j27,B,3j27B00,1,10,8,970,1,2,1,1,1,72,3.6
300,6mid,F,6midF00,1,10,8,970,1,1,1,1,15,75,4.0
302,3j27,D,3j27D00,1,10,8,970,1,2,1,1,2,72,3.6
303,3j27,F,3j27F00,1,10,8,970,1,2,1,1,3,72,3.6
304,3j2p,B,3j2pB00,1,10,8,970,1,2,1,1,4,72,3.6
305,3j2p,D,3j2pD00,1,10,8,970,1,2,1,1,5,72,3.6
307,5o6a,E,5o6aE00,1,10,8,970,2,1,1,1,2,71,3.9
306,5o6a,D,5o6aD00,1,10,8,970,2,1,1,1,1,71,3.9
308,5o6a,F,5o6aF00,1,10,8,970,2,1,1,1,3,71,3.9
309,5o6v,D,5o6vD00,1,10,8,970,2,1,1,1,4,71,3.9
311,5o6v,F,5o6vF00,1,10,8,970,2,1,1,1,6,71,3.9
312,3shg,B,3shgB00,1,10,8,1050,1,1,1,1,1,61,1.5
310,5o6v,E,5o6vE00,1,10,8,970,2,1,1,1,5,71,3.9
313,3zc7,B,3zc7B00,1,10,8,1050,1,1,1,1,2,63,2.1
314,3zcb,B,3zcbB00,1,10,8,1050,1,1,1,2,1,62,1.94
316,4qoz,C,4qozC00,1,10,8,1120,1,1,1,1,1,72,2.3
315,3thg,A,3thgA00,1,10,8,1070,1,1,1,1,1,99,1.88
317,4l8r,C,4l8rC00,1,10,8,1120,1,1,1,2,1,67,2.6
318,4hxh,C,4hxhC00,1,10,8,1120,1,1,1,2,2,67,1000.0
319,4tuw,A,4tuwA00,1,10,8,1120,1,2,1,1,1,71,2.9
320,4tux,B,4tuxB00,1,10,8,1120,1,2,1,2,1,67,3.08
321,4noo,B,4nooB00,1,10,8,1160,1,1,1,1,1,92,2.3
322,4noo,D,4nooD00,1,10,8,1160,1,1,1,2,1,92,2.3
323,4nso,B,4nsoB00,1,10,8,1160,1,1,2,1,1,91,2.4
324,4nsr,B,4nsrB00,1,10,8,1160,1,1,2,2,1,90,2.79
325,4nsr,D,4nsrD00,1,10,8,1160,1,1,2,2,2,92,2.79
328,4nsr,F,4nsrF00,1,10,8,1160,1,1,2,2,5,89,2.79
327,4nsr,E,4nsrE00,1,10,8,1160,1,1,2,2,4,89,2.79
326,4nsr,A,4nsrA00,1,10,8,1160,1,1,2,2,3,89,2.79
329,4nsr,C,4nsrC00,1,10,8,1160,1,1,2,2,6,93,2.79
330,5mj3,C,5mj3C00,1,10,8,1170,1,1,1,1,1,86,1.74
331,5mj4,C,5mj4C00,1,10,8,1170,1,1,1,2,1,81,3.4
333,4oe8,C,4oe8C00,1,10,8,1170,1,1,1,3,1,86,1000.0
332,4og9,C,4og9C00,1,10,8,1170,1,1,1,2,2,81,1000.0
334,6aeq,A,6aeqA00,1,10,8,1180,1,1,1,1,1,72,2.25
335,4ou7,A,4ou7A00,1,10,8,1180,1,1,2,1,1,71,2.83
337,4ou7,D,4ou7D00,1,10,8,1180,1,1,2,1,3,71,2.83
336,4ou7,B,4ou7B00,1,10,8,1180,1,1,2,1,2,71,2.83
338,4ou7,E,4ou7E00,1,10,8,1180,1,1,2,1,4,71,2.83
339,4ou7,C,4ou7C00,1,10,8,1180,1,1,2,1,5,70,2.83
340,2k9h,A,2k9hA00,1,10,8,1320,1,1,1,1,1,57,999.0
341,2l7x,A,2l7xA00,1,10,8,1320,2,1,1,1,1,77,999.0
342,1xmk,A,1xmkA00,1,10,10,10,1,1,1,1,1,79,0.97
344,5ilu,A,5iluA00,1,10,10,10,2,1,1,2,1,97,1.1
343,4co8,A,4co8A00,1,10,10,10,2,1,1,1,1,98,1.05
345,4uuv,J,4uuvJ00,1,10,10,10,2,1,1,3,1,94,2.8
347,4uuv,V,4uuvV00,1,10,10,10,2,1,1,3,3,94,2.8
348,4uuv,D,4uuvD00,1,10,10,10,2,1,1,3,4,95,2.8
346,4uuv,M,4uuvM00,1,10,10,10,2,1,1,3,2,94,2.8
349,4uuv,G,4uuvG00,1,10,10,10,2,1,1,3,5,95,2.8
350,4uuv,S,4uuvS00,1,10,10,10,2,1,1,3,6,95,2.8
351,4uuv,A,4uuvA00,1,10,10,10,2,1,1,3,7,96,2.8
352,4uuv,P,4uuvP00,1,10,10,10,2,1,1,3,8,96,2.8
353,5ils,A,5ilsA00,1,10,10,10,2,1,2,1,1,101,1.4
355,4uno,A,4unoA00,1,10,10,10,2,1,3,1,2,95,1.95
354,5ilv,A,5ilvA00,1,10,10,10,2,1,3,1,1,92,1.8
356,4avp,A,4avpA00,1,10,10,10,2,1,4,1,1,93,1.82
357,4avp,B,4avpB00,1,10,10,10,2,1,4,1,2,93,1.82
358,4avp,C,4avpC00,1,10,10,10,2,1,4,1,3,93,1.82
359,4avp,D,4avpD00,1,10,10,10,2,1,4,1,4,93,1.82
360,4bnc,A,4bncA00,1,10,10,10,2,1,4,1,5,95,2.9
363,5ybc,C,5ybcC00,1,10,10,10,2,2,1,1,2,91,2.5
361,4b06,A,4b06A00,1,10,10,10,2,1,4,1,6,95,1000.0
362,4irg,A,4irgA00,1,10,10,10,2,2,1,1,1,98,1.7
364,5ybc,A,5ybcA00,1,10,10,10,2,2,1,1,3,92,2.5
365,4iri,A,4iriA00,1,10,10,10,2,2,1,1,4,94,2.77
367,2ypr,B,2yprB00,1,10,10,10,2,2,2,1,2,92,2.64
366,3zp5,A,3zp5A00,1,10,10,10,2,2,2,1,1,92,2.0
368,2ypr,A,2yprA00,1,10,10,10,2,2,2,1,3,96,2.64
370,5e8g,A,5e8gA00,1,10,10,10,2,2,4,1,1,93,2.7
371,5e8g,B,5e8gB00,1,10,10,10,2,2,4,1,2,93,2.7
369,4irh,A,4irhA00,1,10,10,10,2,2,3,1,1,99,2.1
373,5e8g,D,5e8gD00,1,10,10,10,2,2,4,1,4,93,2.7
372,5e8g,C,5e8gC00,1,10,10,10,2,2,4,1,3,93,2.7
374,5jvt,D,5jvtD00,1,10,10,10,2,2,4,1,5,93,3.1
375,5jvt,G,5jvtG00,1,10,10,10,2,2,4,1,6,93,3.1
376,5jvt,A,5jvtA00,1,10,10,10,2,2,4,1,7,96,3.1
378,5e8i,D,5e8iD00,1,10,10,10,2,2,4,1,9,93,3.45
377,5e8i,A,5e8iA00,1,10,10,10,2,2,4,1,8,93,3.45
379,5e8i,G,5e8iG00,1,10,10,10,2,2,4,1,10,93,3.45
380,5e8i,J,5e8iJ00,1,10,10,10,2,2,4,1,11,93,3.45
381,1fli,A,1fliA00,1,10,10,10,2,2,4,2,1,98,999.0
383,5ybd,A,5ybdA00,1,10,10,10,2,2,5,1,2,96,2.77
384,1bc8,C,1bc8C00,1,10,10,10,2,3,1,1,1,93,1.93
382,5ybd,X,5ybdX00,1,10,10,10,2,2,5,1,1,94,2.77
386,1k6o,A,1k6oA00,1,10,10,10,2,3,1,1,3,89,3.19
385,1bc7,C,1bc7C00,1,10,10,10,2,3,1,1,2,93,2.01
387,1hbx,H,1hbxH00,1,10,10,10,2,3,1,2,1,109,3.15
388,1hbx,G,1hbxG00,1,10,10,10,2,3,1,2,2,112,3.15
389,1dux,C,1duxC00,1,10,10,10,2,3,2,1,1,86,2.1
390,1dux,F,1duxF00,1,10,10,10,2,3,2,1,2,86,2.1
392,3wts,H,3wtsH00,1,10,10,10,2,4,1,1,2,101,2.35
391,3wtt,H,3wttH00,1,10,10,10,2,4,1,1,1,93,2.35
393,4l18,F,4l18F00,1,10,10,10,2,4,1,1,3,106,2.3
394,4l18,B,4l18B00,1,10,10,10,2,4,1,1,4,107,2.3
395,3wu1,B,3wu1B00,1,10,10,10,2,4,1,1,5,105,2.4
396,3wtu,H,3wtuH00,1,10,10,10,2,4,1,1,6,101,2.7
397,3wtv,H,3wtvH00,1,10,10,10,2,4,1,1,7,101,2.7
398,4l0z,B,4l0zB00,1,10,10,10,2,4,1,1,8,101,2.7
399,3wtw,H,3wtwH00,1,10,10,10,2,4,1,1,9,101,2.9
400,5zmc,B,5zmcB00,1,10,10,10,2,4,1,1,10,106,2.99
401,1k78,B,1k78B00,1,10,10,10,2,4,1,2,1,102,2.25
402,1k78,F,1k78F00,1,10,10,10,2,4,1,2,2,103,2.25
404,1k79,A,1k79A00,1,10,10,10,2,4,1,2,4,104,2.4
403,4lg0,B,4lg0B00,1,10,10,10,2,4,1,2,3,106,2.19
405,1k79,D,1k79D00,1,10,10,10,2,4,1,2,5,104,2.4
406,1k7a,A,1k7aA00,1,10,10,10,2,4,1,2,6,104,2.8
407,1k7a,D,1k7aD00,1,10,10,10,2,4,1,2,7,104,2.8
408,1etc,A,1etcA00,1,10,10,10,2,4,1,2,8,106,1000.0
410,1awc,A,1awcA00,1,10,10,10,2,5,1,1,1,110,2.15
409,1etd,A,1etdA00,1,10,10,10,2,4,1,2,9,106,1000.0
411,3iwf,B,3iwfB00,1,10,10,10,3,1,1,1,1,88,1.4
412,3iwf,A,3iwfA00,1,10,10,10,3,1,1,2,1,87,1.4
413,1r7j,A,1r7jA00,1,10,10,10,4,1,1,1,1,90,1.47
416,2fq3,A,2fq3A00,1,10,10,10,5,1,1,1,1,85,1.4
414,1xsx,A,1xsxA00,1,10,10,10,4,1,1,1,2,95,999.0
415,1xsx,B,1xsxB00,1,10,10,10,4,1,1,1,3,95,999.0
418,5it3,B,5it3B00,1,10,10,10,6,1,1,1,2,85,1.4
417,5it3,A,5it3A00,1,10,10,10,6,1,1,1,1,85,1.4
419,2l3d,A,2l3dA00,1,10,10,10,6,1,1,1,3,102,999.0
420,5hdk,C,5hdkC00,1,10,10,10,7,1,1,1,1,96,1.32
421,5hdk,B,5hdkB00,1,10,10,10,7,1,1,1,2,97,1.32
423,5hdk,D,5hdkD00,1,10,10,10,7,1,1,1,4,108,1.32
422,5hdk,A,5hdkA00,1,10,10,10,7,1,1,1,3,99,1.32
424,5d8k,B,5d8kB00,1,10,10,10,7,1,1,2,1,106,1.73
425,5d8l,D,5d8lD00,1,10,10,10,7,1,1,2,2,97,2.07
426,5d8l,F,5d8lF00,1,10,10,10,7,1,1,2,3,98,2.07
428,5d8l,H,5d8lH00,1,10,10,10,7,1,1,2,5,106,2.07
427,5d8l,B,5d8lB00,1,10,10,10,7,1,1,2,4,106,2.07
430,5hdg,A,5hdgA00,1,10,10,10,7,1,2,1,2,94,1.7
429,5hdn,D,5hdnD00,1,10,10,10,7,1,2,1,1,94,1.68
431,5hdn,B,5hdnB00,1,10,10,10,7,1,2,1,3,99,1.68
432,5hdn,A,5hdnA00,1,10,10,10,7,1,2,1,4,101,1.68
433,5hdn,C,5hdnC00,1,10,10,10,7,1,2,1,5,107,1.68
434,5d5v,B,5d5vB00,1,10,10,10,7,1,3,1,1,96,2.55
435,5d5v,D,5d5vD00,1,10,10,10,7,1,3,1,2,107,2.55
436,5d5u,B,5d5uB00,1,10,10,10,7,1,3,1,3,100,2.91
437,5d5w,B,5d5wB00,1,10,10,10,7,2,1,1,1,94,2.35
438,5d5x,E,5d5xE00,1,10,10,10,7,2,1,1,2,98,2.4
439,5d5x,B,5d5xB00,1,10,10,10,7,2,1,1,3,99,2.4
440,1hks,A,1hksA00,1,10,10,10,7,3,1,1,1,106,999.0
442,1i27,A,1i27A00,1,10,10,10,8,1,1,1,1,73,1.02
443,1j2x,A,1j2xA00,1,10,10,10,8,1,1,1,2,70,2.0
441,1hkt,A,1hktA00,1,10,10,10,7,3,1,1,2,106,999.0
444,2k7l,A,2k7lA00,1,10,10,10,8,1,1,1,3,67,999.0
446,1onv,A,1onvA00,1,10,10,10,8,1,2,1,2,67,999.0
445,1nha,A,1nhaA00,1,10,10,10,8,1,2,1,1,67,999.0
447,1s29,A,1s29A00,1,10,10,10,9,1,1,1,1,89,1.6
449,6el8,A,6el8A00,1,10,10,10,10,1,1,1,1,89,1.61
448,2m5w,A,2m5wA00,1,10,10,10,9,2,1,1,1,91,999.0
450,6el8,D,6el8D00,1,10,10,10,10,1,1,1,2,89,1.61
451,5ocn,B,5ocnB00,1,10,10,10,10,1,1,1,3,87,2.7
452,5ocn,A,5ocnA00,1,10,10,10,10,1,1,1,4,86,2.7
453,5ocn,F,5ocnF00,1,10,10,10,10,1,1,1,5,84,2.7
454,5ocn,C,5ocnC00,1,10,10,10,10,1,1,1,6,83,2.7
455,5ocn,D,5ocnD00,1,10,10,10,10,1,1,1,7,82,2.7
457,5ocn,G,5ocnG00,1,10,10,10,10,1,1,1,9,80,2.7
456,5ocn,E,5ocnE00,1,10,10,10,10,1,1,1,8,82,2.7
458,5ocn,H,5ocnH00,1,10,10,10,10,1,1,1,10,80,2.7
459,6nce,A,6nceA00,1,10,10,10,10,2,1,1,1,89,2.6
460,6ncm,B,6ncmB00,1,10,10,10,10,2,1,1,2,87,2.7
461,6ncm,A,6ncmA00,1,10,10,10,10,2,1,1,3,91,2.7
462,1kq8,A,1kq8A00,1,10,10,10,10,3,1,1,1,75,999.0
463,4uht,A,4uhtA00,1,10,10,10,12,1,1,1,1,102,1.15
465,3q9v,A,3q9vA00,1,10,10,10,12,2,1,1,1,98,1.6
464,4uht,B,4uhtB00,1,10,10,10,12,1,1,1,2,102,1.15
466,3q9v,B,3q9vB00,1,10,10,10,12,2,1,1,2,99,1.6
468,1y0u,B,1y0uB00,1,10,10,10,15,1,1,2,1,85,1.6
467,1y0u,A,1y0uA00,1,10,10,10,15,1,1,1,1,86,1.6
469,1ucr,B,1ucrB00,1,10,10,10,17,1,1,1,1,75,1.2
470,1ucr,A,1ucrA00,1,10,10,10,17,1,1,1,2,74,1.2
471,1wq2,B,1wq2B00,1,10,10,10,17,1,1,1,3,66,2.4
472,1wq2,A,1wq2A00,1,10,10,10,17,1,1,1,4,65,2.4
474,3rjp,A,3rjpA00,1,10,10,10,21,1,1,1,1,96,1.5
473,3f6v,A,3f6vA00,1,10,10,10,19,1,1,1,1,96,1.48
476,4u0y,A,4u0yA00,1,10,10,10,25,2,1,1,1,75,1.91
475,5kvr,A,5kvrA00,1,10,10,10,25,1,1,1,1,77,1.36
479,4u0y,D,4u0yD00,1,10,10,10,25,2,1,1,6,74,1.91
477,4u0y,B,4u0yB00,1,10,10,10,25,2,1,1,2,75,1.91
478,4u0y,C,4u0yC00,1,10,10,10,25,2,1,1,3,75,1.91
480,4h0e,A,4h0eA00,1,10,10,10,25,3,1,1,1,70,1.97
483,2od5,A,2od5A00,1,10,10,10,26,1,1,1,1,89,1.79
481,5d4s,A,5d4sA00,1,10,10,10,25,3,1,1,2,70,1.97
482,4egy,B,4egyB00,1,10,10,10,25,3,1,1,3,70,2.3
484,2hts,A,2htsA00,1,10,10,10,32,1,1,1,1,88,1.83
486,1fbu,A,1fbuA00,1,10,10,10,32,1,1,1,3,89,2.0
485,3hts,B,3htsB00,1,10,10,10,32,1,1,1,2,82,1.75
487,1fbu,B,1fbuB00,1,10,10,10,32,1,1,1,4,90,2.0
488,1fym,A,1fymA00,1,10,10,10,32,1,1,1,5,86,2.2
489,1fym,B,1fymB00,1,10,10,10,32,1,1,1,6,78,2.2
492,1fbq,A,1fbqA00,1,10,10,10,32,1,1,2,1,89,2.0
493,1fbq,B,1fbqB00,1,10,10,10,32,1,1,2,2,90,2.0
490,3hsf,A,3hsfA00,1,10,10,10,32,1,1,1,7,92,999.0
494,1fbs,A,1fbsA00,1,10,10,10,32,1,1,3,1,88,2.0
495,1fbs,B,1fbsB00,1,10,10,10,32,1,1,3,2,90,2.0
497,1fyk,A,1fykA00,1,10,10,10,32,1,1,5,1,86,2.5
496,1fyl,A,1fylA00,1,10,10,10,32,1,1,4,1,83,2.1
498,1fyl,B,1fylB00,1,10,10,10,32,1,1,6,1,73,2.1
499,3m1e,A,3m1eA00,1,10,10,10,34,1,1,1,1,87,1.8
501,4iht,B,4ihtB00,1,10,10,10,34,1,1,1,5,90,3.0
500,4iht,A,4ihtA00,1,10,10,10,34,1,1,1,4,89,3.0
502,4iht,D,4ihtD00,1,10,10,10,34,1,1,1,6,90,3.0
505,4ihs,D,4ihsD00,1,10,10,10,34,1,1,1,13,89,3.1
503,4iht,C,4ihtC00,1,10,10,10,34,1,1,1,11,86,3.0
504,4ihs,A,4ihsA00,1,10,10,10,34,1,1,1,12,89,3.1
507,4ihs,B,4ihsB00,1,10,10,10,34,1,1,1,15,93,3.1
506,4ihs,C,4ihsC00,1,10,10,10,34,1,1,1,14,90,3.1
508,5l87,A,5l87A00,1,10,10,10,35,1,1,1,1,62,0.87
509,5oml,B,5omlB00,1,10,10,10,35,1,1,1,2,67,1.5
510,5oml,C,5omlC00,1,10,10,10,35,1,1,1,3,67,1.5
512,5oml,D,5omlD00,1,10,10,10,35,1,1,1,5,63,1.5
511,5oml,A,5omlA00,1,10,10,10,35,1,1,1,4,64,1.5
513,5n8v,A,5n8vA00,1,10,10,10,35,1,1,1,6,63,1.55
514,5n8v,B,5n8vB00,1,10,10,10,35,1,1,1,7,63,1.55
516,5n8v,F,5n8vF00,1,10,10,10,35,1,1,1,9,63,1.55
515,5n8v,D,5n8vD00,1,10,10,10,35,1,1,1,8,63,1.55
517,5l8a,A,5l8aA00,1,10,10,10,35,1,1,1,10,62,1.57
520,5l8a,D,5l8aD00,1,10,10,10,35,1,1,1,13,62,1.57
518,5l8a,B,5l8aB00,1,10,10,10,35,1,1,1,11,62,1.57
519,5l8a,C,5l8aC00,1,10,10,10,35,1,1,1,12,62,1.57
521,5mmc,A,5mmcA00,1,10,10,10,35,1,2,1,1,70,999.0
523,4k2e,D,4k2eD00,1,10,10,10,36,1,1,2,1,91,1.8
522,4k2e,B,4k2eB00,1,10,10,10,36,1,1,1,1,91,1.8
524,4k2e,A,4k2eA00,1,10,10,10,36,1,1,3,1,94,1.8
525,4k2e,C,4k2eC00,1,10,10,10,36,1,1,4,1,94,1.8
526,4ooi,D,4ooiD00,1,10,10,10,36,1,1,5,1,92,2.2
528,4ooi,A,4ooiA00,1,10,10,10,36,1,1,5,3,95,2.2
527,4ooi,C,4ooiC00,1,10,10,10,36,1,1,5,2,94,2.2
529,4ooi,B,4ooiB00,1,10,10,10,36,1,1,5,4,96,2.2
530,3jth,B,3jthB00,1,10,10,10,36,1,2,1,1,88,2.0
531,3jth,A,3jthA00,1,10,10,10,36,1,2,2,1,92,2.0
532,5znx,A,5znxA00,1,10,10,10,36,1,3,1,1,95,2.11
533,3cuo,D,3cuoD00,1,10,10,10,36,2,1,1,1,94,2.0
534,3cuo,C,3cuoC00,1,10,10,10,36,2,1,1,2,95,2.0
535,3cuo,A,3cuoA00,1,10,10,10,36,2,1,1,3,98,2.0
536,3cuo,B,3cuoB00,1,10,10,10,36,2,1,1,4,98,2.0
537,4omz,H,4omzH00,1,10,10,10,36,3,1,1,1,97,2.64
541,4omz,E,4omzE00,1,10,10,10,36,3,1,1,5,98,2.64
539,4omz,B,4omzB00,1,10,10,10,36,3,1,1,3,98,2.64
540,4omz,D,4omzD00,1,10,10,10,36,3,1,1,4,98,2.64
538,4omz,A,4omzA00,1,10,10,10,36,3,1,1,2,98,2.64
543,4omz,G,4omzG00,1,10,10,10,36,3,1,1,7,98,2.64
544,4omz,C,4omzC00,1,10,10,10,36,3,1,1,8,100,2.64
542,4omz,F,4omzF00,1,10,10,10,36,3,1,1,6,98,2.64
545,4on0,A,4on0A00,1,10,10,10,36,3,1,1,9,97,3.0
546,4on0,B,4on0B00,1,10,10,10,36,3,1,1,10,97,3.0
548,4on0,D,4on0D00,1,10,10,10,36,3,1,1,12,97,3.0
547,4on0,C,4on0C00,1,10,10,10,36,3,1,1,11,97,3.0
549,4omy,A,4omyA00,1,10,10,10,36,3,1,2,1,94,3.06
550,4omy,B,4omyB00,1,10,10,10,36,3,1,3,1,94,3.06
552,4omy,D,4omyD00,1,10,10,10,36,3,1,5,1,94,3.06
551,4omy,C,4omyC00,1,10,10,10,36,3,1,4,1,94,3.06
553,2pmu,C,2pmuC00,1,10,10,10,40,1,1,1,1,92,1.78
554,2pmu,F,2pmuF00,1,10,10,10,40,1,1,1,2,93,1.78
555,2pmu,D,2pmuD00,1,10,10,10,40,1,1,1,3,96,1.78
556,2pmu,A,2pmuA00,1,10,10,10,40,1,1,1,4,98,1.78
557,2pmu,B,2pmuB00,1,10,10,10,40,1,1,1,5,103,1.78
558,2pmu,E,2pmuE00,1,10,10,10,40,1,1,1,6,103,1.78
559,5dcm,A,5dcmA00,1,10,10,10,41,1,1,1,1,97,1.6
560,5dcm,B,5dcmB00,1,10,10,10,41,1,1,2,1,98,1.6
561,2qvo,A,2qvoA00,1,10,10,10,42,1,1,1,1,87,1.85
562,3ov8,A,3ov8A00,1,10,10,10,42,1,1,1,2,91,1.85
563,3o3k,A,3o3kA00,1,10,10,10,42,1,1,1,3,90,2.3
566,2zxj,A,2zxjA00,1,10,10,10,44,1,2,1,1,100,1.87
564,5za3,B,5za3B00,1,10,10,10,44,1,1,1,1,100,1.5
565,5za3,A,5za3A00,1,10,10,10,44,1,1,1,2,101,1.5
567,2zxj,B,2zxjB00,1,10,10,10,44,1,2,1,2,100,1.87
569,2z9m,B,2z9mB00,1,10,10,10,44,1,2,1,4,100,1000.0
568,2z9m,A,2z9mA00,1,10,10,10,44,1,2,1,3,100,1000.0
570,2hwv,A,2hwvA00,1,10,10,10,44,1,3,1,1,101,1.9
571,2d1v,A,2d1vA00,1,10,10,10,44,1,4,1,1,103,2.4
572,2p5k,A,2p5kA00,1,10,10,10,47,1,1,1,1,63,1.0
573,2p5l,D,2p5lD00,1,10,10,10,47,1,1,1,2,64,2.85
576,2p5l,G,2p5lG00,1,10,10,10,47,1,1,1,5,63,2.85
574,2p5l,H,2p5lH00,1,10,10,10,47,1,1,1,3,64,2.85
575,2p5l,C,2p5lC00,1,10,10,10,47,1,1,1,4,63,2.85
577,1dp7,P,1dp7P00,1,10,10,10,49,1,1,1,1,76,1.5
578,3tdu,D,3tduD00,1,10,10,10,50,1,1,1,1,76,1.5
580,5v89,C,5v89C00,1,10,10,10,50,1,1,1,3,67,1.55
579,3tdu,C,3tduC00,1,10,10,10,50,1,1,1,2,75,1.5
584,3f6o,B,3f6oB00,1,10,10,10,51,1,1,1,1,91,1.9
581,3tdz,C,3tdzC00,1,10,10,10,50,1,1,1,4,76,2.0
583,1iuy,A,1iuyA00,1,10,10,10,50,2,1,1,1,92,999.0
582,3tdz,D,3tdzD00,1,10,10,10,50,1,1,1,5,75,2.0
585,3f6o,A,3f6oA00,1,10,10,10,51,1,1,1,2,97,1.9
586,3l2c,A,3l2cA00,1,10,10,10,52,1,1,1,1,85,1.87
587,3bpy,A,3bpyA00,1,10,10,10,52,1,1,1,2,85,1000.0
588,1e17,A,1e17A00,1,10,10,10,52,1,1,2,1,90,999.0
591,5z4z,B,5z4zB00,1,10,10,10,53,2,1,1,3,90,2.05
589,5z4z,A,5z4zA00,1,10,10,10,53,2,1,1,1,89,2.05
590,5z4z,C,5z4zC00,1,10,10,10,53,2,1,1,2,88,2.05
592,5z4y,A,5z4yA00,1,10,10,10,53,2,1,1,4,89,2.4
593,5z4y,B,5z4yB00,1,10,10,10,53,2,1,1,5,89,2.4
594,1yo5,C,1yo5C00,1,10,10,10,55,1,1,1,1,88,2.0
595,4bqa,G,4bqaG00,1,10,10,10,55,2,1,1,1,85,2.5
596,4bqa,D,4bqaD00,1,10,10,10,55,2,1,1,2,84,2.5
598,2hzt,D,2hztD00,1,10,10,10,56,1,2,1,1,88,2.0
599,2hzt,A,2hztA00,1,10,10,10,56,1,3,1,1,91,2.0
597,2hzt,C,2hztC00,1,10,10,10,56,1,1,1,1,88,2.0
600,2hzt,B,2hztB00,1,10,10,10,56,1,4,1,1,91,2.0
601,4a5n,C,4a5nC00,1,10,10,10,56,2,1,1,1,101,1.81
602,4a5n,D,4a5nD00,1,10,10,10,56,2,1,1,2,101,1.81
603,4a5n,A,4a5nA00,1,10,10,10,56,2,1,1,3,104,1.81
604,4a5n,B,4a5nB00,1,10,10,10,56,2,1,1,4,105,1.81
605,4a5m,A,4a5mA00,1,10,10,10,56,2,1,2,1,96,3.0
607,4a5m,E,4a5mE00,1,10,10,10,56,2,1,2,3,96,3.0
608,4a5m,G,4a5mG00,1,10,10,10,56,2,1,2,4,96,3.0
606,4a5m,C,4a5mC00,1,10,10,10,56,2,1,2,2,96,3.0
609,4a5m,B,4a5mB00,1,10,10,10,56,2,1,2,5,97,3.0
611,4a5m,F,4a5mF00,1,10,10,10,56,2,1,2,7,97,3.0
613,1z7u,B,1z7uB00,1,10,10,10,56,3,1,1,1,106,2.2
612,4a5m,H,4a5mH00,1,10,10,10,56,2,1,2,8,97,3.0
615,2obp,A,2obpA00,1,10,10,10,59,1,1,1,1,80,1.7
614,1z7u,A,1z7uA00,1,10,10,10,56,3,1,2,1,107,2.2
610,4a5m,D,4a5mD00,1,10,10,10,56,2,1,2,6,97,3.0
616,2obp,B,2obpB00,1,10,10,10,59,1,1,2,1,80,1.7
617,1r1t,A,1r1tA00,1,10,10,10,61,1,1,1,1,98,1.7
618,1r1t,B,1r1tB00,1,10,10,10,61,1,1,1,2,99,1.7
619,1r23,B,1r23B00,1,10,10,10,61,1,1,1,3,97,2.0
621,1r23,A,1r23A00,1,10,10,10,61,1,1,1,5,104,2.0
622,1smt,B,1smtB00,1,10,10,10,61,1,1,1,6,101,2.2
624,1r22,B,1r22B00,1,10,10,10,61,1,1,2,2,97,2.3
623,1r22,A,1r22A00,1,10,10,10,61,1,1,2,1,93,2.3
620,1smt,A,1smtA00,1,10,10,10,61,1,1,1,4,98,2.2
625,5hs7,B,5hs7B00,1,10,10,10,62,1,1,1,1,98,1.7
626,5hs9,A,5hs9A00,1,10,10,10,62,1,1,1,2,88,2.1
630,4hqe,A,4hqeA00,1,10,10,10,62,2,1,1,1,105,2.3
631,4hqe,B,4hqeB00,1,10,10,10,62,2,1,1,2,108,2.3
628,5hs7,A,5hs7A00,1,10,10,10,62,1,1,1,4,102,1.7
627,5hs9,B,5hs9B00,1,10,10,10,62,1,1,1,3,90,2.1
629,5hs8,A,5hs8A00,1,10,10,10,62,1,1,1,5,101,2.0
632,4hqm,A,4hqmA00,1,10,10,10,62,2,1,2,1,99,2.55
633,4hqm,B,4hqmB00,1,10,10,10,62,2,1,2,2,100,2.55
636,2fu4,A,2fu4A00,1,10,10,10,65,2,1,1,1,81,1.8
637,2fu4,B,2fu4B00,1,10,10,10,65,2,1,1,2,81,1.8
639,4hw0,C,4hw0C00,1,10,10,10,72,1,1,1,1,91,2.0
634,1sfx,B,1sfxB00,1,10,10,10,63,1,1,1,1,102,1.55
635,1sfx,A,1sfxA00,1,10,10,10,63,1,1,2,1,106,1.55
638,1s7a,A,1s7aA00,1,10,10,10,66,1,1,2,1,103,999.0
640,4hw0,B,4hw0B00,1,10,10,10,72,1,1,2,1,93,2.0
644,1u2w,D,1u2wD00,1,10,10,10,76,1,1,1,1,94,1.9
641,4hw0,A,4hw0A00,1,10,10,10,72,1,1,3,1,96,2.0
645,1u2w,C,1u2wC00,1,10,10,10,76,1,1,1,2,98,1.9
643,3elk,A,3elkA00,1,10,10,10,73,1,1,2,1,101,1.7
642,3elk,B,3elkB00,1,10,10,10,73,1,1,1,1,99,1.7
647,1u2w,B,1u2wB00,1,10,10,10,76,1,1,1,4,107,1.9
646,1u2w,A,1u2wA00,1,10,10,10,76,1,1,1,3,105,1.9
648,3f72,D,3f72D00,1,10,10,10,76,1,1,2,1,100,2.31
651,3f72,C,3f72C00,1,10,10,10,76,1,1,2,4,103,2.31
652,3f72,A,3f72A00,1,10,10,10,76,1,1,2,5,107,2.31
653,3f72,B,3f72B00,1,10,10,10,76,1,1,2,6,108,2.31
649,3f72,E,3f72E00,1,10,10,10,76,1,1,2,2,101,2.31
654,1pue,F,1pueF00,1,10,10,10,77,1,1,1,1,89,2.1
650,3f72,F,3f72F00,1,10,10,10,76,1,1,2,3,102,2.31
655,1pue,E,1pueE00,1,10,10,10,77,1,1,1,2,88,2.1
656,2a07,J,2a07J00,1,10,10,10,80,1,1,1,1,83,1.9
658,2a07,F,2a07F00,1,10,10,10,80,1,1,1,3,82,1.9
661,2a07,H,2a07H00,1,10,10,10,80,1,1,1,6,79,1.9
657,2a07,K,2a07K00,1,10,10,10,80,1,1,1,2,83,1.9
659,2a07,I,2a07I00,1,10,10,10,80,1,1,1,4,81,1.9
662,2as5,F,2as5F00,1,10,10,10,80,1,1,1,7,83,2.7
660,2a07,G,2a07G00,1,10,10,10,80,1,1,1,5,79,1.9
663,2as5,G,2as5G00,1,10,10,10,80,1,1,1,8,83,2.7
664,3qrf,F,3qrfF00,1,10,10,10,80,1,2,1,1,82,2.8
665,3qrf,G,3qrfG00,1,10,10,10,80,1,2,1,2,82,2.8
666,3qrf,H,3qrfH00,1,10,10,10,80,1,2,1,3,82,2.8
667,3qrf,I,3qrfI00,1,10,10,10,80,1,2,1,4,82,2.8
669,4wk8,G,4wk8G00,1,10,10,10,80,1,2,1,6,80,3.4
668,4wk8,F,4wk8F00,1,10,10,10,80,1,2,1,5,80,3.4
670,2kiu,A,2kiuA00,1,10,10,10,80,1,3,1,1,87,999.0
671,4ggg,A,4gggA00,1,10,10,10,81,1,1,1,1,92,2.0
672,4ggg,B,4gggB00,1,10,10,10,81,1,1,1,2,93,2.0
675,1r1u,D,1r1uD00,1,10,10,10,81,1,1,2,3,95,2.0
674,1r1u,A,1r1uA00,1,10,10,10,81,1,1,2,2,94,2.0
673,1r1u,B,1r1uB00,1,10,10,10,81,1,1,2,1,93,2.0
676,1r1u,C,1r1uC00,1,10,10,10,81,1,1,2,4,98,2.0
677,1r1v,A,1r1vA00,1,10,10,10,81,1,1,2,5,95,2.3
678,1r1v,B,1r1vB00,1,10,10,10,81,1,1,2,6,96,2.3
679,2m30,A,2m30A00,1,10,10,10,81,1,1,2,7,95,999.0
680,2m30,B,2m30B00,1,10,10,10,81,1,1,2,8,95,999.0
682,6cdb,A,6cdbA00,1,10,10,10,81,1,1,3,2,97,1.99
683,6cda,A,6cdaA00,1,10,10,10,81,1,1,4,1,95,2.0
681,6cdb,B,6cdbB00,1,10,10,10,81,1,1,3,1,95,1.99
684,2kjb,A,2kjbA00,1,10,10,10,81,1,1,5,1,95,999.0
688,4hly,A,4hlyA00,1,10,10,10,85,1,1,1,1,106,1.48
689,4hly,B,4hlyB00,1,10,10,10,85,1,1,1,2,106,1.48
691,4hlx,C,4hlxC00,1,10,10,10,85,1,1,1,4,99,2.38
690,4hlx,A,4hlxA00,1,10,10,10,85,1,1,1,3,99,2.38
693,4hlx,B,4hlxB00,1,10,10,10,85,1,1,1,6,100,2.38
692,4hlx,D,4hlxD00,1,10,10,10,85,1,1,1,5,99,2.38
694,2oqg,C,2oqgC00,1,10,10,10,88,1,1,1,1,105,1.54
695,2oqg,D,2oqgD00,1,10,10,10,88,1,1,2,1,105,1.54
699,3m9a,A,3m9aA00,1,10,10,10,89,1,1,1,2,93,2.5
698,3m8e,B,3m8eB00,1,10,10,10,89,1,1,1,1,93,2.0
697,2oqg,B,2oqgB00,1,10,10,10,88,1,1,4,1,107,1.54
700,5dym,A,5dymA00,1,10,10,10,90,1,1,1,1,96,1.89
696,2oqg,A,2oqgA00,1,10,10,10,88,1,1,3,1,107,1.54
701,1xma,A,1xmaA00,1,10,10,10,90,2,1,1,1,101,2.3
702,1xma,B,1xmaB00,1,10,10,10,90,2,1,1,2,103,2.3
703,6fuu,A,6fuuA00,1,10,10,10,91,1,1,1,1,100,1.75
705,3f8b,B,3f8bB00,1,10,10,10,91,1,1,1,3,105,2.0
704,3f8b,A,3f8bA00,1,10,10,10,91,1,1,1,2,101,2.0
706,4zzd,A,4zzdA00,1,10,10,10,91,1,1,1,4,98,2.35
708,3f8f,B,3f8fB00,1,10,10,10,91,1,1,1,6,111,2.2
707,3f8c,A,3f8cA00,1,10,10,10,91,1,1,1,5,103,2.2
709,3f8f,A,3f8fA00,1,10,10,10,91,1,1,1,7,114,2.2
710,6i8n,A,6i8nA00,1,10,10,10,91,1,1,2,1,106,1.79
711,6i8n,B,6i8nB00,1,10,10,10,91,1,1,3,1,113,1.79
713,6do0,B,6do0B00,1,10,10,10,91,1,2,1,2,107,2.8
712,6do0,A,6do0A00,1,10,10,10,91,1,2,1,1,100,2.8
714,3b73,B,3b73B00,1,10,10,10,94,1,1,1,1,87,2.12
715,3b73,A,3b73A00,1,10,10,10,94,1,1,2,1,86,2.12
716,5d4s,B,5d4sB00,1,10,10,10,95,1,1,1,1,83,1.97
718,5d4r,A,5d4rA00,1,10,10,10,95,1,1,1,3,82,2.07
717,4h0e,B,4h0eB00,1,10,10,10,95,1,1,1,2,81,1.97
719,4egz,B,4egzB00,1,10,10,10,95,1,1,1,4,83,2.3
720,4egy,A,4egyA00,1,10,10,10,95,1,1,1,5,81,2.3
721,4egz,A,4egzA00,1,10,10,10,95,1,1,1,6,81,2.3
722,5d4r,B,5d4rB00,1,10,10,10,95,1,1,1,7,71,2.07
723,3co6,C,3co6C00,1,10,10,10,96,1,1,1,1,91,2.1
725,3coa,C,3coaC00,1,10,10,10,96,1,1,1,3,86,2.2
724,3coa,F,3coaF00,1,10,10,10,96,1,1,1,2,87,2.2
729,3co7,F,3co7F00,1,10,10,10,96,1,1,1,7,87,2.91
726,5dui,A,5duiA00,1,10,10,10,96,1,1,1,4,86,2.31
727,5dui,B,5duiB00,1,10,10,10,96,1,1,1,5,85,2.31
728,3co7,C,3co7C00,1,10,10,10,96,1,1,1,6,87,2.91
730,4lg0,A,4lg0A00,1,10,10,10,96,1,1,2,1,89,2.19
731,2k86,A,2k86A00,1,10,10,10,96,1,2,2,1,103,999.0
732,5fo5,A,5fo5A00,1,10,10,10,97,1,1,1,1,88,2.16
733,2ns0,A,2ns0A00,1,10,10,10,107,1,1,1,1,83,2.0
734,2zkz,C,2zkzC00,1,10,10,10,108,1,1,1,1,83,2.0
736,2zkz,B,2zkzB00,1,10,10,10,108,1,3,1,1,82,2.0
735,2zkz,A,2zkzA00,1,10,10,10,108,1,2,1,1,82,2.0
737,2zkz,D,2zkzD00,1,10,10,10,108,1,4,1,1,78,2.0
738,3gw2,A,3gw2A00,1,10,10,10,110,1,1,1,1,92,2.1
741,2pg4,A,2pg4A00,1,10,10,10,117,1,1,1,1,90,2.21
739,2kko,A,2kkoA00,1,10,10,10,110,1,1,2,1,108,999.0
742,2pg4,B,2pg4B00,1,10,10,10,117,1,1,2,1,90,2.21
744,3g73,B,3g73B00,1,10,10,10,118,1,1,1,2,95,2.21
743,3g73,A,3g73A00,1,10,10,10,118,1,1,1,1,90,2.21
740,2kko,B,2kkoB00,1,10,10,10,110,1,1,2,2,108,999.0
745,6akp,C,6akpC00,1,10,10,10,118,2,1,1,1,94,2.32
746,6ako,C,6akoC00,1,10,10,10,118,2,1,1,2,97,2.4
751,2c6y,A,2c6yA00,1,10,10,10,118,3,1,1,2,98,2.4
748,2hfh,A,2hfhA00,1,10,10,10,118,2,2,1,1,93,999.0
747,1d5v,A,1d5vA00,1,10,10,10,118,2,1,2,1,94,999.0
750,2c6y,B,2c6yB00,1,10,10,10,118,3,1,1,1,96,2.4
752,1jxs,A,1jxsA00,1,10,10,10,118,3,1,1,3,98,999.0
753,2a3s,A,2a3sA00,1,10,10,10,118,3,2,1,1,101,999.0
749,2hdc,A,2hdcA00,1,10,10,10,118,2,2,2,1,97,999.0
754,2d2w,A,2d2wA00,1,10,10,10,118,3,2,1,2,101,999.0
757,2o3f,B,2o3fB00,1,10,10,10,121,1,2,1,1,75,1.75
755,3df8,A,3df8A00,1,10,10,10,120,1,1,1,1,105,1.65
758,2o3f,C,2o3fC00,1,10,10,10,121,1,3,1,1,75,1.75
760,3eyi,A,3eyiA00,1,10,10,10,122,1,1,1,2,64,1.45
759,3eyi,B,3eyiB00,1,10,10,10,122,1,1,1,1,67,1.45
756,2o3f,A,2o3fA00,1,10,10,10,121,1,1,1,1,75,1.75
762,4ka4,A,4ka4A00,1,10,10,10,122,1,2,1,1,61,2.6
761,2l4m,A,2l4mA00,1,10,10,10,122,1,1,2,1,69,999.0
763,4ka4,D,4ka4D00,1,10,10,10,122,1,2,1,2,60,2.6
765,4ka4,E,4ka4E00,1,10,10,10,122,1,2,1,4,59,2.6
764,4ka4,B,4ka4B00,1,10,10,10,122,1,2,1,3,59,2.6
767,1xsv,B,1xsvB00,1,10,10,10,123,1,1,2,1,104,1.7
766,1xsv,A,1xsvA00,1,10,10,10,123,1,1,1,1,104,1.7
768,1s7o,B,1s7oB00,1,10,10,10,123,2,1,1,1,105,2.31
770,1s7o,C,1s7oC00,1,10,10,10,123,2,1,1,3,108,2.31
769,1s7o,A,1s7oA00,1,10,10,10,123,2,1,1,2,106,2.31
772,4mqv,A,4mqvA00,1,10,10,10,127,1,1,2,1,65,1.95
771,4ou0,A,4ou0A00,1,10,10,10,127,1,1,1,1,65,1.4
773,4mqv,C,4mqvC00,1,10,10,10,127,1,1,2,2,65,1.95
776,2co5,A,2co5A00,1,10,10,10,130,1,1,1,1,92,2.2
777,2co5,B,2co5B00,1,10,10,10,130,1,1,1,2,94,2.2
778,2d1h,B,2d1hB00,1,10,10,10,131,1,1,1,1,96,2.05
774,1dpu,A,1dpuA00,1,10,10,10,127,1,1,2,3,69,999.0
775,1z1d,A,1z1dA00,1,10,10,10,127,1,1,2,4,69,999.0
780,3o2p,E,3o2pE00,1,10,10,10,132,1,1,1,1,86,2.23
779,2d1h,A,2d1hA00,1,10,10,10,131,1,1,2,1,98,2.05
781,3o6b,B,3o6bB00,1,10,10,10,132,1,1,2,1,70,3.1
782,3o6b,D,3o6bD00,1,10,10,10,132,1,1,2,2,68,3.1
783,3o6b,F,3o6bF00,1,10,10,10,132,1,1,2,3,68,3.1
786,1opc,A,1opcA00,1,10,10,10,133,1,1,1,1,99,1.95
785,3o6b,J,3o6bJ00,1,10,10,10,132,1,1,2,5,61,3.1
784,3o6b,H,3o6bH00,1,10,10,10,132,1,1,2,4,68,3.1
787,1odd,A,1oddA00,1,10,10,10,133,1,1,1,2,100,2.2
788,2jpb,A,2jpbA00,1,10,10,10,133,1,1,1,3,104,999.0
790,3bjo,A,3bjoA00,1,10,10,10,135,2,1,1,1,102,2.05
789,3h92,A,3h92A00,1,10,10,10,135,1,1,1,1,85,2.2
793,4u88,A,4u88A00,1,10,10,10,137,1,2,1,1,93,2.36
791,4ixa,B,4ixaB00,1,10,10,10,137,1,1,1,1,94,2.15
792,4ixa,A,4ixaA00,1,10,10,10,137,1,1,1,2,102,2.15
794,4u88,B,4u88B00,1,10,10,10,137,1,2,1,2,99,2.36
795,4qwq,A,4qwqA00,1,10,10,10,137,1,3,1,1,96,2.5
798,3lfk,C,3lfkC00,1,10,10,10,147,1,1,1,2,111,1.6
796,4qwq,B,4qwqB00,1,10,10,10,137,1,3,1,2,100,2.5
797,3lfk,D,3lfkD00,1,10,10,10,147,1,1,1,1,110,1.6
801,4pzj,A,4pzjA00,1,10,10,10,150,1,1,1,1,67,1.6
799,3lfk,B,3lfkB00,1,10,10,10,147,1,1,1,3,112,1.6
800,3lfk,A,3lfkA00,1,10,10,10,147,1,1,1,4,122,1.6
802,1bja,A,1bjaA00,1,10,10,10,152,1,1,1,1,95,2.19
803,1bja,B,1bjaB00,1,10,10,10,152,1,1,1,2,95,2.19
805,4yii,A,4yiiA00,1,10,10,10,153,1,1,1,1,72,1.8
807,3w6k,F,3w6kF00,1,10,10,10,154,1,1,1,2,84,2.37
808,3w6k,B,3w6kB00,1,10,10,10,154,1,1,1,3,82,2.37
806,3w6k,C,3w6kC00,1,10,10,10,154,1,1,1,1,87,2.37
804,1i1s,A,1i1sA00,1,10,10,10,152,1,1,1,3,96,999.0
809,3w6k,E,3w6kE00,1,10,10,10,154,1,1,1,4,81,2.37
810,3pqk,A,3pqkA00,1,10,10,10,155,1,1,1,1,98,2.09
811,3pqk,F,3pqkF00,1,10,10,10,155,1,1,2,1,99,2.09
813,3pqk,C,3pqkC00,1,10,10,10,155,1,1,4,1,100,2.09
815,3pqk,E,3pqkE00,1,10,10,10,155,1,1,6,1,100,2.09
812,3pqk,B,3pqkB00,1,10,10,10,155,1,1,3,1,100,2.09
814,3pqk,D,3pqkD00,1,10,10,10,155,1,1,5,1,100,2.09
817,3pqj,B,3pqjB00,1,10,10,10,155,1,1,7,2,91,2.48
816,3pqj,D,3pqjD00,1,10,10,10,155,1,1,7,1,90,2.48
818,3pqj,A,3pqjA00,1,10,10,10,155,1,1,7,3,98,2.48
819,3pqj,C,3pqjC00,1,10,10,10,155,1,1,7,4,98,2.48
822,1fc3,A,1fc3A00,1,10,10,10,159,1,1,1,3,119,2.0
825,1lq1,D,1lq1D00,1,10,10,10,159,1,2,1,3,107,2.3
820,1fc3,B,1fc3B00,1,10,10,10,159,1,1,1,1,101,2.0
823,1lq1,B,1lq1B00,1,10,10,10,159,1,2,1,1,103,2.3
821,1fc3,C,1fc3C00,1,10,10,10,159,1,1,1,2,116,2.0
824,1lq1,A,1lq1A00,1,10,10,10,159,1,2,1,2,107,2.3
826,1lq1,C,1lq1C00,1,10,10,10,159,1,2,1,4,112,2.3
827,3m8e,A,3m8eA00,1,10,10,10,160,1,1,1,1,101,2.0
829,3m8f,B,3m8fB00,1,10,10,10,160,1,1,2,2,99,2.8
832,5k5q,A,5k5qA00,1,10,10,10,161,1,1,2,1,89,2.65
830,4rs8,A,4rs8A00,1,10,10,10,161,1,1,1,1,84,2.29
831,4rs8,B,4rs8B00,1,10,10,10,161,1,1,1,2,82,2.29
833,5k5q,D,5k5qD00,1,10,10,10,161,1,1,2,2,90,2.65
828,3m8f,A,3m8fA00,1,10,10,10,160,1,1,2,1,96,2.8
834,5k5q,C,5k5qC00,1,10,10,10,161,1,1,2,3,91,2.65
835,5k5q,E,5k5qE00,1,10,10,10,161,1,1,2,4,91,2.65
837,5k5q,F,5k5qF00,1,10,10,10,161,1,1,2,6,92,2.65
838,5k1y,A,5k1yA00,1,10,10,10,161,1,1,2,7,87,2.97
839,5k1y,C,5k1yC00,1,10,10,10,161,1,1,2,8,91,2.97
836,5k5q,B,5k5qB00,1,10,10,10,161,1,1,2,5,92,2.65
840,5k1y,E,5k1yE00,1,10,10,10,161,1,1,2,9,91,2.97
841,5k1y,B,5k1yB00,1,10,10,10,161,1,1,2,10,92,2.97
842,5k1y,D,5k1yD00,1,10,10,10,161,1,1,2,11,92,2.97
843,5k1y,F,5k1yF00,1,10,10,10,161,1,1,2,12,92,2.97
844,5k5r,A,5k5rA00,1,10,10,10,161,1,1,2,13,89,3.09
849,5k5r,F,5k5rF00,1,10,10,10,161,1,1,2,18,92,3.09
848,5k5r,B,5k5rB00,1,10,10,10,161,1,1,2,17,92,3.09
845,5k5r,D,5k5rD00,1,10,10,10,161,1,1,2,14,90,3.09
846,5k5r,C,5k5rC00,1,10,10,10,161,1,1,2,15,91,3.09
847,5k5r,E,5k5rE00,1,10,10,10,161,1,1,2,16,91,3.09
850,5k5o,C,5k5oC00,1,10,10,10,161,1,1,2,19,88,3.2
853,5k5o,D,5k5oD00,1,10,10,10,161,1,1,2,22,92,3.2
852,5k5o,A,5k5oA00,1,10,10,10,161,1,1,2,21,92,3.2
851,5k5o,B,5k5oB00,1,10,10,10,161,1,1,2,20,91,3.2
857,5kk1,E,5kk1E00,1,10,10,10,161,1,1,2,26,91,3.38
855,5kk1,C,5kk1C00,1,10,10,10,161,1,1,2,24,91,3.38
854,5kk1,A,5kk1A00,1,10,10,10,161,1,1,2,23,88,3.38
856,5kk1,D,5kk1D00,1,10,10,10,161,1,1,2,25,91,3.38
858,5kk1,B,5kk1B00,1,10,10,10,161,1,1,2,27,92,3.38
861,4rsb,D,4rsbD00,1,10,10,10,161,1,1,2,30,90,1000.0
859,5kk1,F,5kk1F00,1,10,10,10,161,1,1,2,28,92,3.38
863,4rsb,C,4rsbC00,1,10,10,10,161,1,1,2,32,91,1000.0
860,4rsb,A,4rsbA00,1,10,10,10,161,1,1,2,29,89,1000.0
864,4rsb,E,4rsbE00,1,10,10,10,161,1,1,2,33,91,1000.0
865,4ru7,C,4ru7C00,1,10,10,10,161,1,1,2,34,91,1000.0
862,5fc0,A,5fc0A00,1,10,10,10,161,1,1,2,31,87,1000.0
866,4ru7,E,4ru7E00,1,10,10,10,161,1,1,2,35,91,1000.0
868,5fc0,E,5fc0E00,1,10,10,10,161,1,1,2,37,91,1000.0
870,4rsb,F,4rsbF00,1,10,10,10,161,1,1,2,39,92,1000.0
867,5fc0,C,5fc0C00,1,10,10,10,161,1,1,2,36,91,1000.0
869,4rsb,B,4rsbB00,1,10,10,10,161,1,1,2,38,92,1000.0
872,4ru7,F,4ru7F00,1,10,10,10,161,1,1,2,41,92,1000.0
871,4ru7,D,4ru7D00,1,10,10,10,161,1,1,2,40,92,1000.0
874,5fc0,D,5fc0D00,1,10,10,10,161,1,1,2,43,92,1000.0
873,5fc0,B,5fc0B00,1,10,10,10,161,1,1,2,42,92,1000.0
878,1ub9,A,1ub9A00,1,10,10,10,163,1,1,1,1,100,2.05
877,4ru7,B,4ru7B00,1,10,10,10,161,1,1,2,46,99,1000.0
875,5fc0,F,5fc0F00,1,10,10,10,161,1,1,2,44,92,1000.0
876,4ru7,A,4ru7A00,1,10,10,10,161,1,1,2,45,93,1000.0
879,1aoy,A,1aoyA00,1,10,10,10,166,1,2,1,1,78,999.0
880,3htu,A,3htuA00,1,10,10,10,170,1,1,1,1,75,2.0
882,3htu,E,3htuE00,1,10,10,10,170,1,1,1,3,75,2.0
881,3htu,C,3htuC00,1,10,10,10,170,1,1,1,2,75,2.0
883,3htu,G,3htuG00,1,10,10,10,170,1,1,1,4,75,2.0
885,1lea,A,1leaA00,1,10,10,10,178,1,1,1,7,72,999.0
884,2jzy,A,2jzyA00,1,10,10,10,172,3,1,1,1,104,999.0
886,1leb,A,1lebA00,1,10,10,10,178,1,1,1,8,72,999.0
888,4wcg,B,4wcgB00,1,10,10,10,180,1,1,1,2,61,1.5
887,4wcg,A,4wcgA00,1,10,10,10,180,1,1,1,1,61,1.5
889,4hob,C,4hobC00,1,10,10,10,180,1,1,1,3,67,1.76
890,4hob,B,4hobB00,1,10,10,10,180,1,1,1,4,63,1.76
891,4hob,A,4hobA00,1,10,10,10,180,1,1,1,5,62,1.76
893,2fsw,A,2fswA00,1,10,10,10,181,1,1,1,1,99,2.16
892,4hob,D,4hobD00,1,10,10,10,180,1,1,1,6,60,1.76
894,2fsw,B,2fswB00,1,10,10,10,181,1,1,2,1,100,2.16
895,1ldd,A,1lddA00,1,10,10,10,184,1,1,1,1,74,2.0
896,1ldd,B,1lddB00,1,10,10,10,184,1,1,1,2,74,2.0
897,1ldd,C,1lddC00,1,10,10,10,184,1,1,1,3,74,2.0
898,1ldd,D,1lddD00,1,10,10,10,184,1,1,1,4,74,2.0
900,2e1n,B,2e1nB00,1,10,10,10,193,1,1,1,2,112,1.8
899,2e1n,A,2e1nA00,1,10,10,10,193,1,1,1,1,110,1.8
901,2dql,A,2dqlA00,1,10,10,10,193,1,2,1,1,115,1.7
903,2zfw,A,2zfwA00,1,10,10,10,193,1,3,1,1,112,2.9
902,2dql,B,2dqlB00,1,10,10,10,193,1,2,1,2,115,1.7
904,2zfw,B,2zfwB00,1,10,10,10,193,1,3,1,2,112,2.9
905,2zfw,D,2zfwD00,1,10,10,10,193,1,3,1,3,112,2.9
906,2zfw,E,2zfwE00,1,10,10,10,193,1,3,1,4,112,2.9
907,1gxq,A,1gxqA00,1,10,10,10,197,1,1,1,1,105,2.0
908,1gxp,B,1gxpB00,1,10,10,10,197,1,1,1,2,101,2.5
909,1gxp,E,1gxpE00,1,10,10,10,197,1,1,1,3,102,2.5
910,1gxp,F,1gxpF00,1,10,10,10,197,1,1,1,4,102,2.5
911,1gxp,A,1gxpA00,1,10,10,10,197,1,1,1,5,103,2.5
912,1qqi,A,1qqiA00,1,10,10,10,197,1,1,1,6,104,999.0
913,2z33,A,2z33A00,1,10,10,10,197,1,1,1,7,104,999.0
914,4esf,A,4esfA00,1,10,10,10,198,1,1,1,1,100,2.2
915,5zqh,A,5zqhA00,1,10,10,10,198,2,1,1,1,101,2.4
916,4esb,A,4esbA00,1,10,10,10,198,3,1,1,1,103,2.5
917,3hhh,A,3hhhA00,1,10,10,10,198,4,1,1,1,100,2.7
918,3hhh,B,3hhhB00,1,10,10,10,198,4,1,2,1,101,2.7
919,3ke2,B,3ke2B00,1,10,10,10,204,1,1,1,1,93,2.5
920,3ke2,C,3ke2C00,1,10,10,10,204,1,1,2,1,94,2.5
921,3ke2,A,3ke2A00,1,10,10,10,204,1,1,3,1,100,2.5
922,3aaf,A,3aafA00,1,10,10,10,205,1,1,1,1,109,1.9
923,3aaf,B,3aafB00,1,10,10,10,205,1,1,1,2,109,1.9
930,3gva,A,3gvaA00,1,10,10,10,212,1,1,1,1,107,2.0
924,3hug,A,3hugA00,1,10,10,10,208,1,1,1,1,80,2.35
926,3hug,I,3hugI00,1,10,10,10,208,1,1,1,3,77,2.35
925,3hug,C,3hugC00,1,10,10,10,208,1,1,1,2,77,2.35
929,3hug,M,3hugM00,1,10,10,10,208,1,1,1,6,74,2.35
927,3hug,Q,3hugQ00,1,10,10,10,208,1,1,1,4,77,2.35
928,3hug,G,3hugG00,1,10,10,10,208,1,1,1,5,74,2.35
931,3gva,B,3gvaB00,1,10,10,10,212,1,1,1,2,107,2.0
933,4hdv,A,4hdvA00,1,10,10,10,212,1,1,1,4,108,2.7
932,3gx4,X,3gx4X00,1,10,10,10,212,1,1,1,3,108,2.7
934,3gyh,X,3gyhX00,1,10,10,10,212,1,1,1,5,108,2.8
935,4enm,A,4enmA00,1,10,10,10,212,1,1,1,6,108,2.84
938,4hdu,A,4hduA00,1,10,10,10,212,1,1,1,9,108,2.85
937,4enn,B,4ennB00,1,10,10,10,212,1,1,1,8,108,2.84
939,4enk,A,4enkA00,1,10,10,10,212,1,1,1,10,108,3.04
936,4enn,A,4ennA00,1,10,10,10,212,1,1,1,7,108,2.84
940,4enj,A,4enjA00,1,10,10,10,212,1,1,1,11,108,3.1
941,2kif,A,2kifA00,1,10,10,10,212,2,1,1,1,102,999.0
943,4p55,B,4p55B00,1,10,10,10,216,1,1,1,1,94,2.5
944,4p55,A,4p55A00,1,10,10,10,216,1,1,2,1,102,2.5
942,2kim,A,2kimA00,1,10,10,10,212,2,1,1,2,102,999.0
945,2h27,A,2h27A00,1,10,10,10,218,1,1,2,1,71,2.3
946,2h27,D,2h27D00,1,10,10,10,218,1,1,2,2,69,2.3
950,1sfu,A,1sfuA00,1,10,10,10,219,1,1,1,1,70,2.0
951,1sfu,B,1sfuB00,1,10,10,10,219,1,1,1,2,70,2.0
952,4kmf,A,4kmfA00,1,10,10,10,220,1,1,1,1,62,1.7
953,2rvc,A,2rvcA00,1,10,10,10,220,1,1,1,2,64,999.0
954,4lb6,B,4lb6B00,1,10,10,10,220,2,1,1,1,63,1.8
956,4lb5,A,4lb5A00,1,10,10,10,220,2,1,1,3,57,2.0
955,4lb5,B,4lb5B00,1,10,10,10,220,2,1,1,2,63,2.0
957,5j6x,A,5j6xA00,1,10,10,10,220,2,1,2,1,66,2.49
958,5j6x,B,5j6xB00,1,10,10,10,220,2,1,2,2,65,2.49
962,1fse,B,1fseB00,1,10,10,10,227,1,1,1,1,70,2.05
959,1tbx,B,1tbxB00,1,10,10,10,221,1,1,1,1,89,2.7
960,1tbx,A,1tbxA00,1,10,10,10,221,1,1,2,1,93,2.7
961,4kt5,C,4kt5C00,1,10,10,10,223,1,1,1,1,88,2.7
963,1fse,A,1fseA00,1,10,10,10,227,1,1,1,2,67,2.05
964,1fse,C,1fseC00,1,10,10,10,227,1,1,1,3,67,2.05
965,1fse,D,1fseD00,1,10,10,10,227,1,1,1,4,66,2.05
966,1fse,E,1fseE00,1,10,10,10,227,1,1,1,5,64,2.05
968,6jqs,A,6jqsA00,1,10,10,10,227,1,2,1,1,67,2.09
967,1fse,F,1fseF00,1,10,10,10,227,1,1,1,6,50,2.05
969,3l7w,A,3l7wA00,1,10,10,10,229,1,1,1,1,104,2.2
972,1zlj,A,1zljA00,1,10,10,10,240,1,1,1,1,67,2.0
974,1zlj,E,1zljE00,1,10,10,10,240,1,1,3,1,67,2.0
973,1zlj,C,1zljC00,1,10,10,10,240,1,1,2,1,67,2.0
970,6az1,N,6az1N00,1,10,10,10,233,1,1,1,1,91,2.7
976,1zlj,B,1zljB00,1,10,10,10,240,1,1,5,1,66,2.0
975,1zlj,G,1zljG00,1,10,10,10,240,1,1,4,1,67,2.0
971,5opt,n,5optn00,1,10,10,10,233,1,2,1,1,93,4.0
977,1zlj,F,1zljF00,1,10,10,10,240,1,1,6,1,66,2.0
978,1zlj,D,1zljD00,1,10,10,10,240,1,1,7,1,64,2.0
980,1zlk,A,1zlkA00,1,10,10,10,240,1,1,9,1,65,3.1
979,1zlj,H,1zljH00,1,10,10,10,240,1,1,8,1,64,2.0
981,1zlk,B,1zlkB00,1,10,10,10,240,1,1,9,2,65,3.1
984,1j75,A,1j75A00,1,10,10,10,242,1,2,1,1,57,1.85
983,2heo,D,2heoD00,1,10,10,10,242,1,1,1,2,58,1.7
982,2heo,A,2heoA00,1,10,10,10,242,1,1,1,1,59,1.7
985,2lnb,A,2lnbA00,1,10,10,10,242,2,1,1,1,80,999.0
988,4ejo,B,4ejoB00,1,10,10,10,245,1,1,2,1,108,2.1
987,4ejo,A,4ejoA00,1,10,10,10,245,1,1,1,1,108,2.1
990,3ri2,A,3ri2A00,1,10,10,10,245,1,1,4,1,108,1000.0
992,2ijl,A,2ijlA00,1,10,10,10,247,1,2,1,1,104,2.3
991,2ijl,B,2ijlB00,1,10,10,10,247,1,1,1,1,103,2.3
989,3ri2,B,3ri2B00,1,10,10,10,245,1,1,3,1,105,1000.0
986,2rv8,A,2rv8A00,1,10,10,10,244,1,1,2,1,128,999.0
993,1ku3,A,1ku3A00,1,10,10,10,248,1,2,1,1,61,1.8
994,1ku7,A,1ku7A00,1,10,10,10,248,1,2,1,2,73,2.4
995,1ku7,D,1ku7D00,1,10,10,10,248,1,2,1,3,68,2.4
1000,1cf7,B,1cf7B00,1,10,10,10,251,1,1,1,1,82,2.6
998,3n97,D,3n97D00,1,10,10,10,248,1,4,1,2,50,3.25
996,1rio,H,1rioH00,1,10,10,10,248,1,2,2,1,61,2.3
997,3n97,A,3n97A00,1,10,10,10,248,1,4,1,1,53,3.25
999,1tty,A,1ttyA00,1,10,10,10,248,3,1,1,1,87,999.0
1001,3vfz,B,3vfzB00,1,10,10,10,256,1,1,1,1,62,1.9
1003,3zq7,A,3zq7A00,1,10,10,10,260,1,1,2,1,101,2.52
1002,3vfz,A,3vfzA00,1,10,10,10,256,1,1,2,1,61,1.9
1005,2ek5,A,2ek5A00,1,10,10,10,262,1,1,2,1,114,2.2
1004,2ek5,B,2ek5B00,1,10,10,10,262,1,1,1,1,108,2.2
1006,2ek5,D,2ek5D00,1,10,10,10,262,1,1,3,1,114,2.2
1008,2du9,A,2du9A00,1,10,10,10,262,1,1,5,1,115,2.28
1007,2ek5,C,2ek5C00,1,10,10,10,262,1,1,4,1,117,2.2
1009,5x07,F,5x07F00,1,10,10,10,269,1,1,1,1,85,2.8
1010,5x07,L,5x07L00,1,10,10,10,269,1,1,1,2,85,2.8
1013,1vtn,C,1vtnC00,1,10,10,10,269,1,2,1,1,102,2.5
1011,5x07,C,5x07C00,1,10,10,10,269,1,1,1,3,84,2.8
1018,3t8r,A,3t8rA00,1,10,10,10,271,1,1,1,1,122,1.7
1014,3hug,E,3hugE00,1,10,10,10,270,1,1,1,1,73,2.35
1015,3hug,O,3hugO00,1,10,10,10,270,1,1,1,2,73,2.35
1017,3hug,K,3hugK00,1,10,10,10,270,1,1,1,4,71,2.35
1016,3hug,S,3hugS00,1,10,10,10,270,1,1,1,3,73,2.35
1019,3t8t,A,3t8tA00,1,10,10,10,271,1,1,2,1,123,1.75
1020,2y75,A,2y75A00,1,10,10,10,271,1,3,1,1,125,2.0
1021,2y75,C,2y75C00,1,10,10,10,271,1,3,1,2,127,2.0
1023,2y75,D,2y75D00,1,10,10,10,271,1,3,1,4,128,2.0
1022,2y75,B,2y75B00,1,10,10,10,271,1,3,1,3,128,2.0
1024,2y75,E,2y75E00,1,10,10,10,271,1,3,1,5,129,2.0
1025,2y75,F,2y75F00,1,10,10,10,271,1,3,1,6,129,2.0
1027,4cic,A,4cicA00,1,10,10,10,271,2,1,1,2,138,1.6
1026,4cic,B,4cicB00,1,10,10,10,271,2,1,1,1,137,1.6
1029,1qbj,A,1qbjA00,1,10,10,10,273,1,1,1,2,65,2.1
1028,1qbj,C,1qbjC00,1,10,10,10,273,1,1,1,1,66,2.1
1030,3f21,A,3f21A00,1,10,10,10,273,1,1,1,3,67,2.2
1033,3f21,B,3f21B00,1,10,10,10,273,1,1,1,6,63,2.2
1031,1qbj,B,1qbjB00,1,10,10,10,273,1,1,1,4,63,2.1
1032,3f21,C,3f21C00,1,10,10,10,273,1,1,1,5,64,2.2
1034,3f22,C,3f22C00,1,10,10,10,273,1,1,1,7,66,2.5
1037,3f23,C,3f23C00,1,10,10,10,273,1,1,1,10,66,2.7
1035,3f22,A,3f22A00,1,10,10,10,273,1,1,1,8,65,2.5
1036,3f22,B,3f22B00,1,10,10,10,273,1,1,1,9,62,2.5
1038,3irr,D,3irrD00,1,10,10,10,273,1,1,1,11,64,2.65
1041,3irr,B,3irrB00,1,10,10,10,273,1,1,1,14,62,2.65
1040,3irr,A,3irrA00,1,10,10,10,273,1,1,1,13,63,2.65
1039,3f23,A,3f23A00,1,10,10,10,273,1,1,1,12,65,2.7
1043,3f23,B,3f23B00,1,10,10,10,273,1,1,1,16,62,2.7
1044,3irq,C,3irqC00,1,10,10,10,273,1,1,1,17,64,2.8
1045,3irq,D,3irqD00,1,10,10,10,273,1,1,1,18,64,2.8
1042,3irr,C,3irrC00,1,10,10,10,273,1,1,1,15,62,2.65
1046,5zuo,B,5zuoB00,1,10,10,10,273,1,1,1,19,66,2.9
1049,3irq,B,3irqB00,1,10,10,10,273,1,1,1,22,62,2.8
1048,5zup,B,5zupB00,1,10,10,10,273,1,1,1,21,65,2.9
1050,5zuo,C,5zuoC00,1,10,10,10,273,1,1,1,23,64,2.9
1052,5zuo,D,5zuoD00,1,10,10,10,273,1,1,1,25,63,2.9
1051,3irq,A,3irqA00,1,10,10,10,273,1,1,1,24,61,2.8
1053,5zup,D,5zupD00,1,10,10,10,273,1,1,1,26,63,2.9
1047,5zup,C,5zupC00,1,10,10,10,273,1,1,1,20,66,2.9
1055,5zuo,A,5zuoA00,1,10,10,10,273,1,1,1,28,51,2.9
1054,5zup,A,5zupA00,1,10,10,10,273,1,1,1,27,53,2.9
1056,2irf,G,2irfG00,1,10,10,10,274,1,1,1,1,109,2.2
1057,2irf,H,2irfH00,1,10,10,10,274,1,1,1,2,109,2.2
1059,2irf,J,2irfJ00,1,10,10,10,274,1,1,1,4,109,2.2
1061,2irf,L,2irfL00,1,10,10,10,274,1,1,1,6,109,2.2
1058,2irf,I,2irfI00,1,10,10,10,274,1,1,1,3,109,2.2
1060,2irf,K,2irfK00,1,10,10,10,274,1,1,1,5,109,2.2
1062,1irf,A,1irfA00,1,10,10,10,274,1,1,1,7,112,999.0
1063,1irg,A,1irgA00,1,10,10,10,274,1,1,1,8,112,999.0
1065,1if1,A,1if1A00,1,10,10,10,274,1,2,1,2,105,3.0
1067,2v79,A,2v79A00,1,10,10,10,279,1,1,1,1,115,2.0
1068,2v79,B,2v79B00,1,10,10,10,279,1,1,1,2,117,2.0
1064,1if1,B,1if1B00,1,10,10,10,274,1,2,1,1,104,3.0
1069,2vn2,C,2vn2C00,1,10,10,10,279,2,1,1,1,110,2.3
1066,2com,A,2comA00,1,10,10,10,277,1,1,2,38,124,999.0
1070,2vn2,D,2vn2D00,1,10,10,10,279,2,1,1,2,110,2.3
1071,2vn2,B,2vn2B00,1,10,10,10,279,2,1,1,3,111,2.3
1072,2vn2,A,2vn2A00,1,10,10,10,279,2,1,1,4,112,2.3
1073,4hf0,B,4hf0B00,1,10,10,10,280,1,1,1,1,118,1.9
1074,4hf0,A,4hf0A00,1,10,10,10,280,1,1,1,2,120,1.9
1075,4hf1,A,4hf1A00,1,10,10,10,280,1,2,1,1,129,2.22
1081,4g6d,A,4g6dA00,1,10,10,10,282,1,1,1,1,62,2.0
1076,4hf1,B,4hf1B00,1,10,10,10,280,1,2,1,2,129,2.22
1078,4chu,B,4chuB00,1,10,10,10,280,1,2,2,2,127,2.49
1077,4chu,A,4chuA00,1,10,10,10,280,1,2,2,1,126,2.49
1079,4hf2,A,4hf2A00,1,10,10,10,280,1,2,3,1,115,2.99
1080,4hf2,B,4hf2B00,1,10,10,10,280,1,2,3,2,121,2.99
1083,4g8x,A,4g8xA00,1,10,10,10,282,1,1,2,1,60,3.0
1082,4g94,A,4g94A00,1,10,10,10,282,1,1,1,2,62,2.0
1084,4g8x,C,4g8xC00,1,10,10,10,282,1,1,3,1,54,3.0
1086,1yyv,B,1yyvB00,1,10,10,10,291,1,1,1,1,107,2.35
1085,5h20,A,5h20A00,1,10,10,10,290,1,1,1,1,103,2.5
1088,2v7f,A,2v7fA00,1,10,10,10,292,1,1,1,1,139,1.15
1087,1yyv,A,1yyvA00,1,10,10,10,291,1,1,2,1,109,2.35
1091,1q1h,A,1q1hA00,1,10,10,10,293,1,1,1,1,85,2.9
1089,3j7a,Y,3j7aY00,1,10,10,10,292,2,1,1,1,154,3.2
1090,6okk,Y,6okkY00,1,10,10,10,292,2,1,1,2,154,3.3
1092,1je8,E,1je8E00,1,10,10,10,295,1,1,1,1,64,2.12
1095,1je8,F,1je8F00,1,10,10,10,295,1,1,4,1,63,2.12
1094,1je8,B,1je8B00,1,10,10,10,295,1,1,3,1,63,2.12
1093,1je8,A,1je8A00,1,10,10,10,295,1,1,2,1,63,2.12
1096,1zg5,E,1zg5E00,1,10,10,10,295,1,1,5,1,64,2.3
1097,1zg1,A,1zg1A00,1,10,10,10,295,1,1,6,1,63,2.3
1099,1zg1,E,1zg1E00,1,10,10,10,295,1,1,8,1,63,2.3
1098,1zg1,B,1zg1B00,1,10,10,10,295,1,1,7,1,63,2.3
1101,1zg5,A,1zg5A00,1,10,10,10,295,1,1,10,1,63,2.3
1100,1zg1,F,1zg1F00,1,10,10,10,295,1,1,9,1,63,2.3
1103,1zg5,F,1zg5F00,1,10,10,10,295,1,1,12,1,63,2.3
1102,1zg5,B,1zg5B00,1,10,10,10,295,1,1,11,1,63,2.3
1104,4l0y,B,4l0yB00,1,10,10,10,301,1,1,1,1,104,2.5
1105,3wty,H,3wtyH00,1,10,10,10,301,1,1,1,2,101,2.7
1106,3wtx,H,3wtxH00,1,10,10,10,301,1,1,1,3,100,2.8
1107,3wtx,C,3wtxC00,1,10,10,10,301,1,1,1,4,103,2.8
1109,2b0l,C,2b0lC00,1,10,10,10,303,1,1,1,1,94,2.9
1108,3wty,C,3wtyC00,1,10,10,10,301,1,1,1,5,118,2.7
1111,2b0l,A,2b0lA00,1,10,10,10,303,1,1,1,3,98,2.9
1110,2b0l,B,2b0lB00,1,10,10,10,303,1,1,1,2,95,2.9
1112,3we2,B,3we2B00,1,10,10,10,304,1,1,1,2,112,2.7
1113,3we3,B,3we3B00,1,10,10,10,304,1,1,1,3,110,2.9
1115,3we3,A,3we3A00,1,10,10,10,304,1,1,1,8,121,2.9
1114,3we2,A,3we2A00,1,10,10,10,304,1,1,1,5,121,2.7
1120,3ff5,B,3ff5B00,1,10,10,10,307,1,1,1,2,54,1.8
1116,2mh9,A,2mh9A00,1,10,10,10,304,1,1,2,1,127,999.0
1117,4b8x,B,4b8xB00,1,10,10,10,305,1,1,1,1,138,1.25
1119,3ff5,A,3ff5A00,1,10,10,10,307,1,1,1,1,54,1.8
1118,4b8x,A,4b8xA00,1,10,10,10,305,1,1,2,1,139,1.25
1121,5aon,A,5aonA00,1,10,10,10,307,2,1,1,1,49,1.65
1123,5aon,C,5aonC00,1,10,10,10,307,2,1,1,3,49,1.65
1122,5aon,B,5aonB00,1,10,10,10,307,2,1,1,2,49,1.65
1124,5aon,D,5aonD00,1,10,10,10,307,2,1,1,4,49,1.65
1125,5aon,E,5aonE00,1,10,10,10,307,2,1,1,5,48,1.65
1126,2rnj,A,2rnjA00,1,10,10,10,311,1,1,1,5,67,999.0
1127,2jpc,A,2jpcA00,1,10,10,10,311,2,1,1,1,61,999.0
1128,1hst,A,1hstA00,1,10,10,10,314,1,1,1,1,74,2.6
1129,1hst,B,1hstB00,1,10,10,10,314,1,1,1,2,74,2.6
1131,1ghc,A,1ghcA00,1,10,10,10,314,2,1,1,1,75,999.0
1130,4qlc,U,4qlcU00,1,10,10,10,314,1,1,1,3,76,3.5
1132,4nhj,B,4nhjB00,1,10,10,10,315,1,1,1,1,101,2.7
1133,4nhj,A,4nhjA00,1,10,10,10,315,1,1,1,2,102,2.7
1135,2naz,A,2nazA00,1,10,10,10,315,2,1,1,1,109,999.0
1136,1bm9,A,1bm9A00,1,10,10,10,317,1,1,1,1,120,2.0
1134,2mlk,A,2mlkA00,1,10,10,10,315,1,1,2,1,110,999.0
1137,1bm9,B,1bm9B00,1,10,10,10,317,1,1,1,2,120,2.0
1138,2efw,G,2efwG00,1,10,10,10,317,1,1,2,1,108,2.5
1139,1j0r,A,1j0rA00,1,10,10,10,317,1,1,2,2,114,2.5
1140,1f4k,A,1f4kA00,1,10,10,10,317,1,1,2,3,115,2.5
1142,2efw,A,2efwA00,1,10,10,10,317,1,1,2,5,115,2.5
1141,1f4k,B,1f4kB00,1,10,10,10,317,1,1,2,4,115,2.5
1143,2efw,B,2efwB00,1,10,10,10,317,1,1,2,6,115,2.5
1145,1j0r,B,1j0rB00,1,10,10,10,317,1,1,2,8,117,2.5
1147,2dpd,A,2dpdA00,1,10,10,10,317,1,1,2,10,115,3.17
1148,2dpd,B,2dpdB00,1,10,10,10,317,1,1,2,11,117,3.17
1149,2dqr,C,2dqrC00,1,10,10,10,317,1,1,3,1,106,3.01
1151,2dqr,D,2dqrD00,1,10,10,10,317,1,1,3,3,109,3.01
1155,3jw4,B,3jw4B00,1,10,10,10,322,1,1,2,1,122,2.1
1152,2dqr,B,2dqrB00,1,10,10,10,317,1,1,3,4,112,3.01
1154,3jw4,A,3jw4A00,1,10,10,10,322,1,1,1,1,118,2.1
1153,3c57,B,3c57B00,1,10,10,10,320,1,1,1,1,49,1.7
1150,2dqr,A,2dqrA00,1,10,10,10,317,1,1,3,2,107,3.01
1156,3jw4,C,3jw4C00,1,10,10,10,322,1,1,3,1,125,2.1
1157,3bpv,A,3bpvA00,1,10,10,10,325,1,1,1,1,137,1.4
1158,3bpx,B,3bpxB00,1,10,10,10,325,1,1,1,2,138,1.95
1160,2gxb,B,2gxbB00,1,10,10,10,326,1,1,1,1,63,2.25
1159,3bpx,A,3bpxA00,1,10,10,10,325,1,1,1,3,147,1.95
1162,2acj,C,2acjC00,1,10,10,10,326,1,1,1,3,66,2.6
1163,2acj,B,2acjB00,1,10,10,10,326,1,1,1,4,65,2.6
1161,2gxb,A,2gxbA00,1,10,10,10,326,1,1,1,2,62,2.25
1164,2acj,D,2acjD00,1,10,10,10,326,1,1,1,5,63,2.6
1165,2acj,A,2acjA00,1,10,10,10,326,1,1,1,6,53,2.6
1168,5zu1,B,5zu1B00,1,10,10,10,326,1,1,2,3,60,3.01
1166,5zu1,A,5zu1A00,1,10,10,10,326,1,1,2,1,63,3.01
1167,5zu1,C,5zu1C00,1,10,10,10,326,1,1,2,2,61,3.01
1172,2pfb,B,2pfbB00,1,10,10,10,328,1,1,1,1,123,1.93
1170,1qgp,A,1qgpA00,1,10,10,10,326,1,2,1,1,76,999.0
1171,2l54,A,2l54A00,1,10,10,10,326,1,2,2,1,63,999.0
1173,2pfb,A,2pfbA00,1,10,10,10,328,1,1,1,2,129,1.93
1174,2pex,A,2pexA00,1,10,10,10,328,1,1,2,1,136,1.9
1176,5hli,B,5hliB00,1,10,10,10,328,2,1,1,1,136,2.05
1175,2pex,B,2pexB00,1,10,10,10,328,1,1,2,2,137,1.9
1177,5hli,A,5hliA00,1,10,10,10,328,2,1,1,2,146,2.05
1179,4hbl,B,4hblB00,1,10,10,10,328,2,1,3,1,137,2.5
1178,4hbl,A,4hblA00,1,10,10,10,328,2,1,2,1,134,2.5
1180,4hbl,C,4hblC00,1,10,10,10,328,2,1,4,1,138,2.5
1181,4hbl,D,4hblD00,1,10,10,10,328,2,1,5,1,143,2.5
1184,5hlg,A,5hlgA00,1,10,10,10,328,2,1,8,1,134,3.0
1182,5hlh,G,5hlhG00,1,10,10,10,328,2,1,6,1,130,3.0
1183,5hlh,C,5hlhC00,1,10,10,10,328,2,1,7,1,132,3.0
1185,5hlg,C,5hlgC00,1,10,10,10,328,2,1,8,2,134,3.0
1186,5hlg,G,5hlgG00,1,10,10,10,328,2,1,8,3,136,3.0
1187,5hlg,E,5hlgE00,1,10,10,10,328,2,1,8,4,137,3.0
1188,5hlg,F,5hlgF00,1,10,10,10,328,2,1,8,5,138,3.0
1192,5hlh,A,5hlhA00,1,10,10,10,328,2,1,9,1,134,3.0
1190,5hlg,D,5hlgD00,1,10,10,10,328,2,1,8,7,139,3.0
1189,5hlg,H,5hlgH00,1,10,10,10,328,2,1,8,6,138,3.0
1191,5hlg,B,5hlgB00,1,10,10,10,328,2,1,8,8,143,3.0
1193,5hlh,D,5hlhD00,1,10,10,10,328,2,1,10,1,135,3.0
1194,5hlh,E,5hlhE00,1,10,10,10,328,2,1,11,1,136,3.0
1195,5hlh,F,5hlhF00,1,10,10,10,328,2,1,12,1,136,3.0
1198,1z91,A,1z91A00,1,10,10,10,328,3,1,1,1,137,2.5
1196,5hlh,H,5hlhH00,1,10,10,10,328,2,1,13,1,136,3.0
1197,5hlh,B,5hlhB00,1,10,10,10,328,2,1,14,1,137,3.0
1200,1z9c,B,1z9cB00,1,10,10,10,328,3,1,1,3,137,2.64
1199,1z9c,A,1z9cA00,1,10,10,10,328,3,1,1,2,137,2.64
1201,1z9c,D,1z9cD00,1,10,10,10,328,3,1,1,4,137,2.64
1202,1z9c,E,1z9cE00,1,10,10,10,328,3,1,1,5,137,2.64
1203,1z9c,C,1z9cC00,1,10,10,10,328,3,1,1,6,138,2.64
1206,3vep,A,3vepA00,1,10,10,10,333,1,1,2,1,68,2.5
1205,3vep,H,3vepH00,1,10,10,10,333,1,1,1,1,69,2.5
1204,1z9c,F,1z9cF00,1,10,10,10,328,3,1,1,7,138,2.64
1208,3vep,D,3vepD00,1,10,10,10,333,1,1,4,1,66,2.5
1207,3vep,E,3vepE00,1,10,10,10,333,1,1,3,1,68,2.5
1209,5duk,B,5dukB00,1,10,10,10,334,1,1,1,1,65,2.35
1210,5duk,A,5dukA00,1,10,10,10,334,1,1,2,1,58,2.35
1212,3i71,B,3i71B00,1,10,10,10,337,1,1,1,1,58,2.1
1211,2esh,A,2eshA00,1,10,10,10,335,1,1,1,1,114,2.3
1213,3i71,A,3i71A00,1,10,10,10,337,1,1,1,2,56,2.1
1215,4awx,B,4awxB00,1,10,10,10,339,1,1,1,1,63,2.3
1214,2jt1,A,2jt1A00,1,10,10,10,337,2,1,1,1,71,999.0
1217,1xn7,A,1xn7A00,1,10,10,10,339,1,2,1,1,78,999.0
1216,2k02,A,2k02A00,1,10,10,10,339,1,1,2,1,79,999.0
1218,5ffx,D,5ffxD00,1,10,10,10,343,1,1,1,1,137,1.47
1219,5ffx,A,5ffxA00,1,10,10,10,343,1,1,1,2,138,1.47
1222,4l9n,A,4l9nA00,1,10,10,10,343,1,1,2,1,137,1.6
1221,5ffx,C,5ffxC00,1,10,10,10,343,1,1,1,4,138,1.47
1220,5ffx,B,5ffxB00,1,10,10,10,343,1,1,1,3,138,1.47
1223,4l9n,B,4l9nB00,1,10,10,10,343,1,1,2,2,138,1.6
1224,4l9t,B,4l9tB00,1,10,10,10,343,1,1,3,1,137,1.79
1225,4l9t,A,4l9tA00,1,10,10,10,343,1,1,3,2,140,1.79
1226,5fb2,A,5fb2A00,1,10,10,10,343,1,1,4,1,138,1.8
1227,5f6f,A,5f6fA00,1,10,10,10,343,1,1,5,1,141,1.75
1228,5f6f,B,5f6fB00,1,10,10,10,343,1,1,5,2,141,1.75
1229,4ld5,B,4ld5B00,1,10,10,10,343,1,1,6,1,126,2.4
1231,4ld5,A,4ld5A00,1,10,10,10,343,1,1,6,3,138,2.4
1230,4ld5,E,4ld5E00,1,10,10,10,343,1,1,6,2,137,2.4
1232,4ld5,C,4ld5C00,1,10,10,10,343,1,1,6,4,139,2.4
1233,4ld5,D,4ld5D00,1,10,10,10,343,1,1,6,5,139,2.4
1234,4ld5,F,4ld5F00,1,10,10,10,343,1,1,6,6,139,2.4
1237,3eco,B,3ecoB00,1,10,10,10,343,1,1,7,1,129,2.4
1235,4ld5,G,4ld5G00,1,10,10,10,343,1,1,6,7,139,2.4
1238,3eco,A,3ecoA00,1,10,10,10,343,1,1,7,2,135,2.4
1236,4ld5,H,4ld5H00,1,10,10,10,343,1,1,6,8,139,2.4
1240,5ffz,A,5ffzA00,1,10,10,10,343,1,1,8,2,140,2.59
1239,4lll,M,4lllM00,1,10,10,10,343,1,1,8,1,124,3.04
1241,4lln,C,4llnC00,1,10,10,10,343,1,1,8,3,136,2.84
1242,4lln,A,4llnA00,1,10,10,10,343,1,1,8,4,137,2.84
1245,4lln,D,4llnD00,1,10,10,10,343,1,1,8,7,139,2.84
1244,4lln,B,4llnB00,1,10,10,10,343,1,1,8,6,138,2.84
1243,4lln,I,4llnI00,1,10,10,10,343,1,1,8,5,137,2.84
1246,4lln,J,4llnJ00,1,10,10,10,343,1,1,8,8,140,2.84
1248,4lll,D,4lllD00,1,10,10,10,343,1,1,8,10,137,3.04
1247,4lll,O,4lllO00,1,10,10,10,343,1,1,8,9,135,3.04
1249,4lll,I,4lllI00,1,10,10,10,343,1,1,8,11,137,3.04
1254,4l9v,A,4l9vA00,1,10,10,10,343,1,2,1,1,133,2.37
1250,4lll,A,4lllA00,1,10,10,10,343,1,1,8,12,138,3.04
1251,4lll,B,4lllB00,1,10,10,10,343,1,1,8,13,138,3.04
1252,4lll,C,4lllC00,1,10,10,10,343,1,1,8,14,138,3.04
1255,4l9j,B,4l9jB00,1,10,10,10,343,1,3,1,1,132,3.45
1256,4l9j,A,4l9jA00,1,10,10,10,343,1,3,2,1,133,3.45
1253,4lll,J,4lllJ00,1,10,10,10,343,1,1,8,15,138,3.04
1257,1xd7,A,1xd7A00,1,10,10,10,348,1,1,1,1,116,2.3
1260,1ylf,C,1ylfC00,1,10,10,10,348,2,1,3,1,115,2.5
1258,1ylf,A,1ylfA00,1,10,10,10,348,2,1,1,1,113,2.5
1259,1ylf,B,1ylfB00,1,10,10,10,348,2,1,2,1,114,2.5
1261,6az1,a,6az1a00,1,10,10,10,349,1,1,1,1,72,2.7
1262,6g5i,Z,6g5iZ00,1,10,10,10,349,2,1,1,1,72,3.5
1263,6g18,Z,6g18Z00,1,10,10,10,349,2,1,1,2,72,3.6
1264,6g5h,Z,6g5hZ00,1,10,10,10,349,2,1,1,3,72,3.6
1265,5flx,Z,5flxZ00,1,10,10,10,349,2,1,1,4,73,3.9
1267,6g4s,Z,6g4sZ00,1,10,10,10,349,2,1,1,6,72,4.0
1266,5a2q,Z,5a2qZ00,1,10,10,10,349,2,1,1,5,72,3.9
1268,1vx2,Z,1vx2Z00,1,10,10,10,349,2,1,1,7,75,1000.0
1270,4w23,Z,4w23Z00,1,10,10,10,349,2,1,1,9,75,1000.0
1269,1vx5,Z,1vx5Z00,1,10,10,10,349,2,1,1,8,75,1000.0
1272,3gud,A,3gudA00,1,10,10,10,353,1,1,1,1,119,2.2
1273,3gud,B,3gudB00,1,10,10,10,353,1,1,1,2,120,2.2
1271,4w28,Z,4w28Z00,1,10,10,10,349,2,1,1,10,75,1000.0
1274,1pp8,O,1pp8O00,1,10,10,10,356,1,1,1,1,97,3.05
1275,1pp8,V,1pp8V00,1,10,10,10,356,1,1,1,2,98,3.05
1276,1pp7,U,1pp7U00,1,10,10,10,356,1,1,1,3,114,2.45
1277,1pp8,U,1pp8U00,1,10,10,10,356,1,1,1,4,111,3.05
1278,1pp8,F,1pp8F00,1,10,10,10,356,1,1,1,5,113,3.05
1279,1pp8,M,1pp8M00,1,10,10,10,356,1,1,1,6,118,3.05
1280,1pp8,P,1pp8P00,1,10,10,10,356,1,1,1,7,118,3.05
1281,3nrv,B,3nrvB00,1,10,10,10,358,1,1,1,1,125,2.0
1282,3nrv,A,3nrvA00,1,10,10,10,358,1,1,2,1,126,2.0
1283,3nrv,C,3nrvC00,1,10,10,10,358,1,1,3,1,137,2.0
1284,3nrv,D,3nrvD00,1,10,10,10,358,1,1,4,1,137,2.0
1286,5cyv,B,5cyvB00,1,10,10,10,360,1,1,1,2,143,1.52
1285,5cyv,A,5cyvA00,1,10,10,10,360,1,1,1,1,138,1.52
1288,3fm5,C,3fm5C00,1,10,10,10,360,1,1,3,1,134,2.0
1291,1fzp,D,1fzpD00,1,10,10,10,361,1,1,1,1,100,2.95
1287,3fm5,A,3fm5A00,1,10,10,10,360,1,1,2,1,127,2.0
1289,3fm5,D,3fm5D00,1,10,10,10,360,1,1,4,1,135,2.0
1290,3fm5,B,3fm5B00,1,10,10,10,360,1,1,5,1,137,2.0
1292,1fzp,B,1fzpB00,1,10,10,10,361,1,1,1,2,105,2.95
1293,2frh,A,2frhA00,1,10,10,10,361,1,1,1,3,127,2.5
1294,2frh,B,2frhB00,1,10,10,10,361,1,1,1,4,127,2.5
1297,1fzn,D,1fznD00,1,10,10,10,361,1,1,3,1,116,1000.0
1296,2fnp,B,2fnpB00,1,10,10,10,361,1,1,2,2,122,2.6
1295,2fnp,A,2fnpA00,1,10,10,10,361,1,1,2,1,122,2.6
1298,1ka8,A,1ka8A00,1,10,10,10,362,1,1,1,1,100,2.95
1299,1ka8,B,1ka8B00,1,10,10,10,362,1,1,1,2,100,2.95
1300,1ka8,C,1ka8C00,1,10,10,10,362,1,1,1,3,100,2.95
1301,1ka8,D,1ka8D00,1,10,10,10,362,1,1,1,4,100,2.95
1303,1ka8,F,1ka8F00,1,10,10,10,362,1,1,1,6,100,2.95
1302,1ka8,E,1ka8E00,1,10,10,10,362,1,1,1,5,100,2.95
1304,2gxg,A,2gxgA00,1,10,10,10,363,1,1,1,1,140,1.45
1305,2eb7,A,2eb7A00,1,10,10,10,363,1,1,1,2,141,1.8
1306,3gf2,A,3gf2A00,1,10,10,10,363,1,1,1,3,141,1.8
1307,3gez,A,3gezA00,1,10,10,10,363,1,1,1,4,141,2.0
1309,2yr2,A,2yr2A00,1,10,10,10,363,1,1,1,6,142,2.01
1308,2yr2,B,2yr2B00,1,10,10,10,363,1,1,1,5,141,2.01
1312,3gfl,A,3gflA00,1,10,10,10,363,1,1,2,1,141,1.9
1311,3gfi,A,3gfiA00,1,10,10,10,363,1,1,1,8,143,2.1
1310,3gfi,C,3gfiC00,1,10,10,10,363,1,1,1,7,142,2.1
1313,3gfm,A,3gfmA00,1,10,10,10,363,1,1,3,1,141,2.1
1314,3gfj,A,3gfjA00,1,10,10,10,363,1,1,4,1,141,2.2
1316,2p7v,B,2p7vB00,1,10,10,10,364,1,1,1,1,68,2.6
1317,2xvc,A,2xvcA00,1,10,10,10,366,1,1,1,1,56,2.15
1315,3f3x,A,3f3xA00,1,10,10,10,363,2,1,1,1,140,1.9
1320,4aik,B,4aikB00,1,10,10,10,368,1,1,1,3,142,1.85
1319,4aik,A,4aikA00,1,10,10,10,368,1,1,1,2,139,1.85
1318,4aih,F,4aihF00,1,10,10,10,368,1,1,1,1,115,2.4
1321,4aij,A,4aijA00,1,10,10,10,368,1,1,1,4,139,2.05
1322,4aih,C,4aihC00,1,10,10,10,368,1,1,1,5,131,2.4
1324,4aij,B,4aijB00,1,10,10,10,368,1,1,1,7,142,2.05
1323,4aih,E,4aihE00,1,10,10,10,368,1,1,1,6,132,2.4
1325,4aih,D,4aihD00,1,10,10,10,368,1,1,1,8,133,2.4
1328,3deu,B,3deuB00,1,10,10,10,368,1,2,1,1,130,2.3
1329,3deu,A,3deuA00,1,10,10,10,368,1,2,1,2,132,2.3
1327,4aih,A,4aihA00,1,10,10,10,368,1,1,1,10,139,2.4
1326,4aih,B,4aihB00,1,10,10,10,368,1,1,1,9,135,2.4
1331,3q5f,B,3q5fB00,1,10,10,10,368,1,2,3,1,140,2.96
1330,3qpt,A,3qptA00,1,10,10,10,368,1,2,2,1,130,2.4
1332,3q5f,A,3q5fA00,1,10,10,10,368,1,2,3,2,141,2.96
1333,5xyi,K,5xyiK00,1,10,10,10,370,1,1,1,1,90,3.35
1335,3j80,K,3j80K00,1,10,10,10,370,2,1,1,2,96,3.75
1334,3jam,K,3jamK00,1,10,10,10,370,2,1,1,1,96,3.46
1336,5it9,K,5it9K00,1,10,10,10,370,2,1,1,3,96,3.8
1337,3j81,K,3j81K00,1,10,10,10,370,2,1,1,4,96,4.0
1338,4cuy,K,4cuyK00,1,10,10,10,370,2,2,1,1,93,1000.0
1340,3u5g,K,3u5gK00,1,10,10,10,370,2,2,2,2,96,1000.0
1339,3u5c,K,3u5cK00,1,10,10,10,370,2,2,2,1,96,1000.0
1341,4ujf,L,4ujfL00,1,10,10,10,370,2,2,3,1,96,1000.0
1343,4ujk,L,4ujkL00,1,10,10,10,370,2,2,3,3,96,1000.0
1345,4ujp,L,4ujpL00,1,10,10,10,370,2,2,3,5,96,1000.0
1346,4ujr,o,4ujro00,1,10,10,10,370,2,2,3,6,96,1000.0
1342,4ujh,o,4ujho00,1,10,10,10,370,2,2,3,2,96,1000.0
1344,4ujm,o,4ujmo00,1,10,10,10,370,2,2,3,4,96,1000.0
1347,4ujz,L,4ujzL00,1,10,10,10,370,2,2,3,7,96,1000.0
1348,4uk1,o,4uk1o00,1,10,10,10,370,2,2,3,8,96,1000.0
1349,4uk4,L,4uk4L00,1,10,10,10,370,2,2,3,9,96,1000.0
1350,4uk9,L,4uk9L00,1,10,10,10,370,2,2,3,10,96,1000.0
1352,4ukf,L,4ukfL00,1,10,10,10,370,2,2,3,12,96,1000.0
1351,4ukb,o,4ukbo00,1,10,10,10,370,2,2,3,11,96,1000.0
1354,4ukk,L,4ukkL00,1,10,10,10,370,2,2,3,14,96,1000.0
1353,4ukh,o,4ukho00,1,10,10,10,370,2,2,3,13,96,1000.0
1355,4ukm,o,4ukmo00,1,10,10,10,370,2,2,3,15,96,1000.0
1356,4ukp,L,4ukpL00,1,10,10,10,370,2,2,3,16,96,1000.0
1357,4ukr,o,4ukro00,1,10,10,10,370,2,2,3,17,96,1000.0
1358,4uku,L,4ukuL00,1,10,10,10,370,2,2,3,18,96,1000.0
1360,4ukz,L,4ukzL00,1,10,10,10,370,2,2,3,20,96,1000.0
1359,4ukw,o,4ukwo00,1,10,10,10,370,2,2,3,19,96,1000.0
1362,4ul4,L,4ul4L00,1,10,10,10,370,2,2,3,22,96,1000.0
1361,4ul1,o,4ul1o00,1,10,10,10,370,2,2,3,21,96,1000.0
1364,4ul9,L,4ul9L00,1,10,10,10,370,2,2,3,24,96,1000.0
1363,4ul6,o,4ul6o00,1,10,10,10,370,2,2,3,23,96,1000.0
1366,4ule,L,4uleL00,1,10,10,10,370,2,2,3,26,96,1000.0
1365,4ulb,o,4ulbo00,1,10,10,10,370,2,2,3,25,96,1000.0
1368,4ulj,L,4uljL00,1,10,10,10,370,2,2,3,28,96,1000.0
1367,4ulg,o,4ulgo00,1,10,10,10,370,2,2,3,27,96,1000.0
1375,6g5i,K,6g5iK00,1,10,10,10,370,3,1,1,1,95,3.5
1370,4ulp,L,4ulpL00,1,10,10,10,370,2,2,3,30,96,1000.0
1369,4ulm,o,4ulmo00,1,10,10,10,370,2,2,3,29,96,1000.0
1376,6g5h,K,6g5hK00,1,10,10,10,370,3,1,1,2,95,3.6
1377,5a2q,K,5a2qK00,1,10,10,10,370,3,1,1,3,95,3.9
1378,5flx,K,5flxK00,1,10,10,10,370,3,1,1,4,98,3.9
1372,4uju,L,4ujuL00,1,10,10,10,370,2,2,4,1,96,1000.0
1380,1vx5,K,1vx5K00,1,10,10,10,370,3,1,1,6,98,1000.0
1371,4ulr,o,4ulro00,1,10,10,10,370,2,2,3,31,96,1000.0
1381,4w23,K,4w23K00,1,10,10,10,370,3,1,1,7,98,1000.0
1382,4w28,K,4w28K00,1,10,10,10,370,3,1,1,8,98,1000.0
1384,1k78,I,1k78I00,1,10,10,10,372,1,1,1,1,58,2.25
1383,2m87,A,2m87A00,1,10,10,10,371,1,2,1,1,103,999.0
1373,4ujw,o,4ujwo00,1,10,10,10,370,2,2,4,2,96,1000.0
1386,3r0a,B,3r0aB00,1,10,10,10,374,1,1,2,1,121,2.31
1385,3r0a,A,3r0aA00,1,10,10,10,374,1,1,1,1,118,2.31
1387,1cf7,A,1cf7A00,1,10,10,10,375,1,1,1,1,67,2.6
1388,3wts,C,3wtsC00,1,10,10,10,380,1,1,1,1,118,2.35
1390,1gvj,A,1gvjA00,1,10,10,10,380,1,1,1,3,142,1.53
1389,3wtt,C,3wttC00,1,10,10,10,380,1,1,1,2,118,2.35
1391,1gvj,B,1gvjB00,1,10,10,10,380,1,1,1,4,146,1.53
1393,3wtv,C,3wtvC00,1,10,10,10,380,1,1,1,6,118,2.7
1392,3wtu,C,3wtuC00,1,10,10,10,380,1,1,1,5,118,2.7
1394,3wtw,C,3wtwC00,1,10,10,10,380,1,1,1,7,118,2.9
1395,3wtz,A,3wtzA00,1,10,10,10,380,1,1,1,8,135,2.61
1374,4uk6,o,4uk6o00,1,10,10,10,370,2,2,4,3,96,1000.0
1397,3wtz,B,3wtzB00,1,10,10,10,380,1,1,1,10,136,2.61
1396,3wu0,B,3wu0B00,1,10,10,10,380,1,1,1,9,136,2.6
1399,3mfk,B,3mfkB00,1,10,10,10,380,1,1,1,12,136,3.0
1398,3wu0,A,3wu0A00,1,10,10,10,380,1,1,1,11,140,2.6
1400,3ri4,A,3ri4A00,1,10,10,10,380,1,1,1,13,136,3.0
1401,3ri4,D,3ri4D00,1,10,10,10,380,1,1,1,14,136,3.0
1402,3mfk,A,3mfkA00,1,10,10,10,380,1,1,1,15,138,3.0
1403,6da1,A,6da1A00,1,10,10,10,380,1,1,2,1,137,2.0
1404,1md0,A,1md0A00,1,10,10,10,380,1,1,2,2,138,2.0
1405,1md0,B,1md0B00,1,10,10,10,380,1,1,2,3,138,2.0
1407,6dat,A,6datA00,1,10,10,10,380,1,1,2,5,135,2.35
1406,6da1,B,6da1B00,1,10,10,10,380,1,1,2,4,138,2.0
1408,6dat,B,6datB00,1,10,10,10,380,1,1,2,6,135,2.35
1409,6dat,C,6datC00,1,10,10,10,380,1,1,2,7,135,2.35
1410,6dat,D,6datD00,1,10,10,10,380,1,1,2,8,135,2.35
1411,1mdm,B,1mdmB00,1,10,10,10,380,1,1,2,9,129,2.8
1412,2nny,A,2nnyA00,1,10,10,10,380,1,1,3,1,129,2.58
1413,2nny,B,2nnyB00,1,10,10,10,380,1,1,3,2,129,2.58
1415,4bqa,A,4bqaA00,1,10,10,10,380,1,2,1,1,132,2.5
1417,3hsr,D,3hsrD00,1,10,10,10,381,1,1,1,2,130,1.9
1416,3hsr,A,3hsrA00,1,10,10,10,381,1,1,1,1,130,1.9
1418,3hsr,B,3hsrB00,1,10,10,10,381,1,1,1,3,133,1.9
1414,1r36,A,1r36A00,1,10,10,10,380,1,1,4,1,140,999.0
1419,3hsr,C,3hsrC00,1,10,10,10,381,1,1,1,4,133,1.9
1420,3hse,A,3hseA00,1,10,10,10,381,1,1,1,5,116,2.9
1421,3hse,B,3hseB00,1,10,10,10,381,1,1,1,6,121,2.9
1422,3hrm,A,3hrmA00,1,10,10,10,381,1,1,2,1,128,2.3
1423,4gxo,B,4gxoB00,1,10,10,10,381,1,1,3,1,137,2.05
1424,4gxo,A,4gxoA00,1,10,10,10,381,1,1,3,2,139,2.05
1425,3hrm,B,3hrmB00,1,10,10,10,381,1,1,4,1,131,2.3
1426,4mnu,B,4mnuB00,1,10,10,10,382,1,1,1,1,130,1.9
1427,4mnu,A,4mnuA00,1,10,10,10,382,1,1,2,1,149,1.9
1428,1lj9,B,1lj9B00,1,10,10,10,382,2,1,1,1,142,1.6
1429,1lj9,A,1lj9A00,1,10,10,10,382,2,1,1,2,144,1.6
1430,3ulq,B,3ulqB00,1,10,10,10,383,1,1,1,1,58,2.3
1433,2fa5,A,2fa5A00,1,10,10,10,384,1,1,1,1,133,1.8
1432,2krf,B,2krfB00,1,10,10,10,383,1,1,1,3,69,999.0
1431,2krf,A,2krfA00,1,10,10,10,383,1,1,1,2,69,999.0
1434,2fa5,B,2fa5B00,1,10,10,10,384,1,1,2,1,136,1.8
1435,4asn,A,4asnA00,1,10,10,10,388,1,1,1,1,89,3.5
1437,4asn,C,4asnC00,1,10,10,10,388,1,1,3,1,89,3.5
1436,4asn,B,4asnB00,1,10,10,10,388,1,1,2,1,89,3.5
1439,3bro,A,3broA00,1,10,10,10,389,1,1,2,1,129,2.04
1440,3bro,C,3broC00,1,10,10,10,389,1,1,3,1,129,2.04
1441,3bro,B,3broB00,1,10,10,10,389,1,1,4,1,133,2.04
1438,3bro,D,3broD00,1,10,10,10,389,1,1,1,1,128,2.04
1444,3j7a,O,3j7aO00,1,10,10,10,393,1,2,1,1,79,3.2
1447,4yif,E,4yifE00,1,10,10,10,394,1,1,1,2,131,2.0
1445,6okk,O,6okkO00,1,10,10,10,393,1,2,1,2,79,3.3
1446,4yif,F,4yifF00,1,10,10,10,394,1,1,1,1,130,2.0
1449,4yif,C,4yifC00,1,10,10,10,394,1,1,1,4,139,2.0
1448,4yif,D,4yifD00,1,10,10,10,394,1,1,1,3,132,2.0
1450,4yif,A,4yifA00,1,10,10,10,394,1,1,1,5,140,2.0
1451,4yif,B,4yifB00,1,10,10,10,394,1,1,1,6,141,2.0
1452,5fgm,A,5fgmA00,1,10,10,10,399,1,1,1,1,62,2.6
1454,2a61,D,2a61D00,1,10,10,10,401,1,1,1,2,137,1.8
1453,2a61,B,2a61B00,1,10,10,10,401,1,1,1,1,137,1.8
1455,2a61,A,2a61A00,1,10,10,10,401,1,1,1,3,142,1.8
1456,2a61,C,2a61C00,1,10,10,10,401,1,1,1,4,142,1.8
1457,2fbh,A,2fbhA00,1,10,10,10,402,1,1,1,1,137,1.8
1458,4rgx,B,4rgxB00,1,10,10,10,410,1,1,1,1,131,2.1
1459,4rgu,A,4rguA00,1,10,10,10,410,1,1,2,1,138,1.89
1460,4rgr,B,4rgrB00,1,10,10,10,410,1,1,3,1,130,2.3
1461,4rgu,B,4rguB00,1,10,10,10,410,1,1,4,1,141,1.89
1463,4rgs,B,4rgsB00,1,10,10,10,410,1,1,6,1,131,2.3
1462,4rgx,A,4rgxA00,1,10,10,10,410,1,1,5,1,136,2.1
1465,4rgs,A,4rgsA00,1,10,10,10,410,1,1,8,1,137,2.3
1464,4rgr,A,4rgrA00,1,10,10,10,410,1,1,7,1,137,2.3
1466,3k0l,A,3k0lA00,1,10,10,10,410,1,1,9,1,136,2.35
1467,3k0l,B,3k0lB00,1,10,10,10,410,1,1,10,1,137,2.35
1468,5bmz,A,5bmzA00,1,10,10,10,410,1,1,11,1,136,3.0
1470,5bmz,C,5bmzC00,1,10,10,10,410,1,1,13,1,136,3.0
1469,5bmz,B,5bmzB00,1,10,10,10,410,1,1,12,1,136,3.0
1471,5bmz,D,5bmzD00,1,10,10,10,410,1,1,14,1,136,3.0
1473,3bdd,D,3bddD00,1,10,10,10,418,1,1,1,1,130,2.2
1472,2l4a,A,2l4aA00,1,10,10,10,415,2,1,1,1,66,999.0
1474,3bdd,B,3bddB00,1,10,10,10,418,1,1,2,1,131,2.2
1475,3bdd,A,3bddA00,1,10,10,10,418,1,1,3,1,138,2.2
1476,3bdd,C,3bddC00,1,10,10,10,418,1,1,4,1,138,2.2
1477,3u1d,B,3u1dB00,1,10,10,10,419,1,1,1,1,141,1.8
1479,2qww,C,2qwwC00,1,10,10,10,421,1,1,1,1,134,2.07
1481,2qww,F,2qwwF00,1,10,10,10,421,1,1,3,1,134,2.07
1478,3u1d,A,3u1dA00,1,10,10,10,419,1,1,2,1,145,1.8
1480,2qww,D,2qwwD00,1,10,10,10,421,1,1,2,1,134,2.07
1482,2qww,G,2qwwG00,1,10,10,10,421,1,1,4,1,135,2.07
1483,2qww,E,2qwwE00,1,10,10,10,421,1,1,5,1,138,2.07
1484,2qww,H,2qwwH00,1,10,10,10,421,1,1,6,1,138,2.07
1486,2qww,A,2qwwA00,1,10,10,10,421,1,1,8,1,141,2.07
1485,2qww,B,2qwwB00,1,10,10,10,421,1,1,7,1,139,2.07
1487,2x4h,A,2x4hA00,1,10,10,10,425,1,1,1,1,129,2.3
1488,2x4h,D,2x4hD00,1,10,10,10,425,1,1,1,2,129,2.3
1491,3u2r,A,3u2rA00,1,10,10,10,426,1,1,1,1,132,2.2
1489,2x4h,B,2x4hB00,1,10,10,10,425,1,1,1,3,130,2.3
1490,2x4h,C,2x4hC00,1,10,10,10,425,1,1,1,4,131,2.3
1492,4g9y,A,4g9yA00,1,10,10,10,427,1,1,1,1,136,2.05
1494,4fht,B,4fhtB00,1,10,10,10,427,1,1,1,3,142,2.15
1493,4fht,A,4fhtA00,1,10,10,10,427,1,1,1,2,141,2.15
1495,3cjn,A,3cjnA00,1,10,10,10,429,1,1,1,1,139,1.95
1497,5aip,A,5aipA00,1,10,10,10,430,1,1,2,1,138,2.3
1496,5aip,B,5aipB00,1,10,10,10,430,1,1,1,1,130,2.3
1498,5aiq,D,5aiqD00,1,10,10,10,430,1,1,3,1,128,2.72
1499,5aiq,C,5aiqC00,1,10,10,10,430,1,1,3,2,130,2.72
1502,2fbi,A,2fbiA00,1,10,10,10,430,2,1,1,1,136,2.1
1500,5aiq,A,5aiqA00,1,10,10,10,430,1,1,3,3,131,2.72
1501,5aiq,B,5aiqB00,1,10,10,10,430,1,1,3,4,132,2.72
1503,4fx0,A,4fx0A00,1,10,10,10,436,1,1,1,1,122,2.7
1505,4fx4,A,4fx4A00,1,10,10,10,436,1,1,2,1,125,3.1
1504,4fx0,B,4fx0B00,1,10,10,10,436,1,1,1,2,135,2.7
1506,4fx4,B,4fx4B00,1,10,10,10,436,1,1,3,1,130,3.1
1507,3boq,A,3boqA00,1,10,10,10,437,1,1,1,1,131,2.39
1508,3boq,B,3boqB00,1,10,10,10,437,1,1,2,1,133,2.39
1509,2nnn,C,2nnnC00,1,10,10,10,438,1,1,1,1,131,2.4
1510,2nnn,E,2nnnE00,1,10,10,10,438,1,1,2,1,131,2.4
1511,2nnn,G,2nnnG00,1,10,10,10,438,1,1,3,1,131,2.4
1514,2nnn,H,2nnnH00,1,10,10,10,438,1,1,6,1,132,2.4
1513,2nnn,F,2nnnF00,1,10,10,10,438,1,1,5,1,132,2.4
1512,2nnn,D,2nnnD00,1,10,10,10,438,1,1,4,1,132,2.4
1515,2nnn,I,2nnnI00,1,10,10,10,438,1,1,7,1,132,2.4
1516,2nnn,J,2nnnJ00,1,10,10,10,438,1,1,8,1,132,2.4
1517,2nnn,A,2nnnA00,1,10,10,10,438,1,1,9,1,133,2.4
1518,2nnn,B,2nnnB00,1,10,10,10,438,1,1,10,1,133,2.4
1524,3s2w,H,3s2wH00,1,10,10,10,439,1,1,6,1,135,2.45
1522,3s2w,C,3s2wC00,1,10,10,10,439,1,1,4,1,134,2.45
1521,3s2w,B,3s2wB00,1,10,10,10,439,1,1,3,1,133,2.45
1523,3s2w,D,3s2wD00,1,10,10,10,439,1,1,5,1,134,2.45
1520,3s2w,E,3s2wE00,1,10,10,10,439,1,1,2,1,131,2.45
1519,3s2w,G,3s2wG00,1,10,10,10,439,1,1,1,1,130,2.45
1526,3s2w,A,3s2wA00,1,10,10,10,439,1,1,8,1,142,2.45
1525,3s2w,F,3s2wF00,1,10,10,10,439,1,1,7,1,138,2.45
1529,2eth,B,2ethB00,1,10,10,10,441,1,1,2,1,135,2.3
1528,2eth,A,2ethA00,1,10,10,10,441,1,1,1,1,135,2.3
1527,3bja,A,3bjaA00,1,10,10,10,440,1,1,1,1,132,2.38
1530,2rdp,A,2rdpA00,1,10,10,10,442,1,1,1,1,136,2.3
1533,4gcv,G,4gcvG00,1,10,10,10,443,1,1,3,1,136,2.3
1531,4gcv,C,4gcvC00,1,10,10,10,443,1,1,1,1,136,2.3
1534,4gcv,I,4gcvI00,1,10,10,10,443,1,1,4,1,136,2.3
1532,4gcv,D,4gcvD00,1,10,10,10,443,1,1,2,1,136,2.3
1535,4gcv,J,4gcvJ00,1,10,10,10,443,1,1,5,1,136,2.3
1537,4gcv,E,4gcvE00,1,10,10,10,443,1,1,7,1,137,2.3
1536,4gcv,L,4gcvL00,1,10,10,10,443,1,1,6,1,136,2.3
1538,4gcv,A,4gcvA00,1,10,10,10,443,1,1,8,1,140,2.3
1539,4gcv,B,4gcvB00,1,10,10,10,443,1,1,9,1,141,2.3
1540,4gcv,F,4gcvF00,1,10,10,10,443,1,1,10,1,141,2.3
1542,4gcv,K,4gcvK00,1,10,10,10,443,1,1,12,1,141,2.3
1541,4gcv,H,4gcvH00,1,10,10,10,443,1,1,11,1,141,2.3
1543,1l0o,C,1l0oC00,1,10,10,10,444,1,1,1,1,57,2.9
1544,1hkq,A,1hkqA00,1,10,10,10,445,1,1,1,1,125,2.75
1546,3k69,A,3k69A00,1,10,10,10,446,1,1,1,1,147,1.95
1545,1hkq,B,1hkqB00,1,10,10,10,445,1,1,1,2,125,2.75
1549,3voe,A,3voeA00,1,10,10,10,447,1,1,1,3,136,2.6
1550,4jba,A,4jbaA00,1,10,10,10,447,1,1,2,1,134,2.5
1547,1jgs,A,1jgsA00,1,10,10,10,447,1,1,1,1,138,2.3
1551,4jba,B,4jbaB00,1,10,10,10,447,1,1,2,2,136,2.5
1548,3voe,B,3voeB00,1,10,10,10,447,1,1,1,2,135,2.6
1555,3vod,A,3vodA00,1,10,10,10,447,1,1,4,2,136,2.6
1553,3vb2,A,3vb2A00,1,10,10,10,447,1,1,3,2,136,2.6
1554,3vod,B,3vodB00,1,10,10,10,447,1,1,4,1,135,2.6
1552,3vb2,B,3vb2B00,1,10,10,10,447,1,1,3,1,134,2.6
1556,5h3r,B,5h3rB00,1,10,10,10,447,1,1,4,3,140,2.67
1557,5h3r,A,5h3rA00,1,10,10,10,447,1,1,4,4,141,2.67
1558,4xrf,A,4xrfA00,1,10,10,10,449,1,1,1,1,142,2.16
1559,3jam,Z,3jamZ00,1,10,10,10,450,1,1,1,1,70,3.46
1560,3j80,Z,3j80Z00,1,10,10,10,450,1,1,1,2,70,3.75
1563,6fai,Z,6faiZ00,1,10,10,10,450,1,2,1,1,63,3.4
1562,3j81,Z,3j81Z00,1,10,10,10,450,1,1,1,4,70,4.0
1564,6eml,K,6emlK00,1,10,10,10,450,1,2,1,2,64,3.6
1565,3u5c,Z,3u5cZ00,1,10,10,10,450,1,2,1,3,70,1000.0
1567,4ujk,a,4ujka00,1,10,10,10,450,1,2,1,5,70,1000.0
1566,4ujf,a,4ujfa00,1,10,10,10,450,1,2,1,4,70,1000.0
1568,4ujp,a,4ujpa00,1,10,10,10,450,1,2,1,6,70,1000.0
1570,4ujz,a,4ujza00,1,10,10,10,450,1,2,1,8,70,1000.0
1571,4uk4,a,4uk4a00,1,10,10,10,450,1,2,1,9,70,1000.0
1569,4uju,a,4ujua00,1,10,10,10,450,1,2,1,7,70,1000.0
1572,4uk9,a,4uk9a00,1,10,10,10,450,1,2,1,10,70,1000.0
1573,4ukf,a,4ukfa00,1,10,10,10,450,1,2,1,11,70,1000.0
1574,4ukk,a,4ukka00,1,10,10,10,450,1,2,1,12,70,1000.0
1575,4ukp,a,4ukpa00,1,10,10,10,450,1,2,1,13,70,1000.0
1577,4ukz,a,4ukza00,1,10,10,10,450,1,2,1,15,70,1000.0
1576,4uku,a,4ukua00,1,10,10,10,450,1,2,1,14,70,1000.0
1578,4ul4,a,4ul4a00,1,10,10,10,450,1,2,1,16,70,1000.0
1579,4ul9,a,4ul9a00,1,10,10,10,450,1,2,1,17,70,1000.0
1580,4ule,a,4ulea00,1,10,10,10,450,1,2,1,18,70,1000.0
1581,4ulj,a,4ulja00,1,10,10,10,450,1,2,1,19,70,1000.0
1583,3u5g,Z,3u5gZ00,1,10,10,10,450,1,2,1,21,69,1000.0
1582,4ulp,a,4ulpa00,1,10,10,10,450,1,2,1,20,70,1000.0
1584,4ujh,3,4ujh300,1,10,10,10,450,1,2,1,22,69,1000.0
1586,4ujr,3,4ujr300,1,10,10,10,450,1,2,1,24,69,1000.0
1587,4ujw,3,4ujw300,1,10,10,10,450,1,2,1,25,69,1000.0
1585,4ujm,3,4ujm300,1,10,10,10,450,1,2,1,23,69,1000.0
1588,4uk1,3,4uk1300,1,10,10,10,450,1,2,1,26,69,1000.0
1589,4uk6,3,4uk6300,1,10,10,10,450,1,2,1,27,69,1000.0
1590,4ukb,3,4ukb300,1,10,10,10,450,1,2,1,28,69,1000.0
1591,4ukh,3,4ukh300,1,10,10,10,450,1,2,1,29,69,1000.0
1593,4ukr,3,4ukr300,1,10,10,10,450,1,2,1,31,69,1000.0
1592,4ukm,3,4ukm300,1,10,10,10,450,1,2,1,30,69,1000.0
1594,4ukw,3,4ukw300,1,10,10,10,450,1,2,1,32,69,1000.0
1597,4ulb,3,4ulb300,1,10,10,10,450,1,2,1,35,69,1000.0
1596,4ul6,3,4ul6300,1,10,10,10,450,1,2,1,34,69,1000.0
1595,4ul1,3,4ul1300,1,10,10,10,450,1,2,1,33,69,1000.0
1603,4cuy,Z,4cuyZ00,1,10,10,10,450,1,2,2,1,64,1000.0
1604,3zmd,A,3zmdA00,1,10,10,10,451,1,1,1,1,148,1.95
1605,3zmd,B,3zmdB00,1,10,10,10,451,1,1,1,2,148,1.95
1606,3zmd,D,3zmdD00,1,10,10,10,451,1,1,1,3,148,1.95
1601,3o2z,Q,3o2zQ00,1,10,10,10,450,1,2,1,39,67,1000.0
1598,4ulg,3,4ulg300,1,10,10,10,450,1,2,1,36,69,1000.0
1602,3o30,Q,3o30Q00,1,10,10,10,450,1,2,1,40,63,1000.0
1607,3zmd,C,3zmdC00,1,10,10,10,451,1,1,1,4,149,1.95
1608,3zpl,F,3zplF00,1,10,10,10,451,2,1,1,1,154,2.8
1609,3zpl,A,3zplA00,1,10,10,10,451,2,1,1,2,159,2.8
1612,3cdh,A,3cdhA00,1,10,10,10,452,1,1,1,1,129,2.69
1599,4ulm,3,4ulm300,1,10,10,10,450,1,2,1,37,69,1000.0
1610,3zpl,B,3zplB00,1,10,10,10,451,2,1,1,3,159,2.8
1613,3cdh,B,3cdhB00,1,10,10,10,452,1,1,2,1,131,2.69
1611,3zpl,E,3zplE00,1,10,10,10,451,2,1,1,4,160,2.8
1614,3kp7,A,3kp7A00,1,10,10,10,454,1,1,1,1,140,2.3
1615,3kp6,B,3kp6B00,1,10,10,10,454,1,1,1,2,137,2.45
1617,3kp6,A,3kp6A00,1,10,10,10,454,1,1,1,4,139,2.45
1616,3kp7,B,3kp7B00,1,10,10,10,454,1,1,1,3,142,2.3
1619,3kp2,B,3kp2B00,1,10,10,10,454,1,1,1,6,137,2.55
1618,3kp2,A,3kp2A00,1,10,10,10,454,1,1,1,5,137,2.55
1620,4ejw,A,4ejwA00,1,10,10,10,454,1,1,1,7,136,2.8
1621,4eju,B,4ejuB00,1,10,10,10,454,1,1,1,8,147,2.4
1600,4ulr,3,4ulr300,1,10,10,10,450,1,2,1,38,69,1000.0
1622,4ejw,B,4ejwB00,1,10,10,10,454,1,1,1,9,137,2.8
1623,4ejv,A,4ejvA00,1,10,10,10,454,1,1,1,10,135,2.9
1625,4eju,A,4ejuA00,1,10,10,10,454,1,1,1,12,149,2.4
1626,4ejv,B,4ejvB00,1,10,10,10,454,1,1,1,13,137,2.9
1627,3kp4,A,3kp4A00,1,10,10,10,454,1,1,1,14,139,2.84
1629,3kp5,B,3kp5B00,1,10,10,10,454,1,1,1,16,137,3.0
1628,3kp5,A,3kp5A00,1,10,10,10,454,1,1,1,15,136,3.0
1630,4ejt,B,4ejtB00,1,10,10,10,454,1,1,1,17,138,3.0
1631,4ejt,A,4ejtA00,1,10,10,10,454,1,1,1,18,140,3.0
1632,3kp3,A,3kp3A00,1,10,10,10,454,1,1,1,19,136,3.2
1633,3kp3,B,3kp3B00,1,10,10,10,454,1,1,1,20,137,3.2
1635,4kdp,A,4kdpA00,1,10,10,10,454,1,1,1,22,151,3.6
1634,4kdp,E,4kdpE00,1,10,10,10,454,1,1,1,21,150,3.6
1636,4kdp,B,4kdpB00,1,10,10,10,454,1,1,1,23,151,3.6
1637,4kdp,C,4kdpC00,1,10,10,10,454,1,1,1,24,151,3.6
1638,4kdp,D,4kdpD00,1,10,10,10,454,1,1,1,25,151,3.6
1640,4kdp,G,4kdpG00,1,10,10,10,454,1,1,1,27,151,3.6
1641,3bj6,B,3bj6B00,1,10,10,10,455,1,1,1,1,148,2.01
1639,4kdp,F,4kdpF00,1,10,10,10,454,1,1,1,26,151,3.6
1642,3bj6,A,3bj6A00,1,10,10,10,455,1,1,2,1,149,2.01
1643,3e6m,A,3e6mA00,1,10,10,10,457,1,1,1,1,145,2.2
1644,3e6m,C,3e6mC00,1,10,10,10,457,1,1,2,1,145,2.2
1646,3e6m,B,3e6mB00,1,10,10,10,457,1,1,4,1,146,2.2
1645,3e6m,F,3e6mF00,1,10,10,10,457,1,1,3,1,145,2.2
1647,3e6m,E,3e6mE00,1,10,10,10,457,1,1,5,1,146,2.2
1648,3e6m,H,3e6mH00,1,10,10,10,457,1,1,6,1,146,2.2
1649,3e6m,G,3e6mG00,1,10,10,10,457,1,1,7,1,147,2.2
1650,3e6m,D,3e6mD00,1,10,10,10,457,1,1,8,1,148,2.2
1652,5e1x,A,5e1xA00,1,10,10,10,460,1,1,1,2,168,1.46
1651,5e1w,A,5e1wA00,1,10,10,10,460,1,1,1,1,168,1.39
1654,5e20,A,5e20A00,1,10,10,10,460,1,1,1,4,169,1.97
1653,5e1z,B,5e1zB00,1,10,10,10,460,1,1,1,3,169,1.66
1655,4em2,A,4em2A00,1,10,10,10,461,1,1,1,1,150,2.08
1656,4em1,A,4em1A00,1,10,10,10,461,1,1,1,2,143,3.0
1657,4em0,B,4em0B00,1,10,10,10,461,1,1,1,3,150,2.9
1658,2bv6,A,2bv6A00,1,10,10,10,463,1,1,1,1,135,2.8
1659,5dd8,A,5dd8A00,1,10,10,10,464,1,1,1,1,156,2.05
1662,2fbk,B,2fbkB00,1,10,10,10,464,1,1,2,2,156,2.3
1660,5dd8,B,5dd8B00,1,10,10,10,464,1,1,1,2,156,2.05
1661,2fbk,A,2fbkA00,1,10,10,10,464,1,1,2,1,156,2.3
1663,2fxa,A,2fxaA00,1,10,10,10,466,1,1,1,1,150,2.4
1665,2fxa,C,2fxaC00,1,10,10,10,466,1,1,3,1,154,2.4
1664,2fxa,D,2fxaD00,1,10,10,10,466,1,1,2,1,150,2.4
1666,2fxa,B,2fxaB00,1,10,10,10,466,1,1,4,1,174,2.4
1667,5eri,A,5eriA00,1,10,10,10,467,1,1,1,1,153,2.3
1668,3nqo,B,3nqoB00,1,10,10,10,473,1,1,1,1,171,2.2
1669,3nqo,A,3nqoA00,1,10,10,10,473,1,1,2,1,176,2.2
1670,1uss,A,1ussA00,1,10,10,10,478,1,1,1,1,88,999.0
1671,1yqa,A,1yqaA00,1,10,10,10,478,1,2,1,1,87,999.0
1672,1ust,A,1ustA00,1,10,10,10,478,2,1,1,1,92,999.0
1673,1uhm,A,1uhmA00,1,10,10,10,478,2,1,1,2,78,999.0
1674,2ma3,A,2ma3A00,1,10,10,10,479,1,1,1,1,88,999.0
1677,2aqf,A,2aqfA00,1,10,10,10,481,1,1,1,2,90,999.0
1675,2rqp,A,2rqpA00,1,10,10,10,480,1,1,1,1,88,999.0
1678,1p4w,A,1p4wA00,1,10,10,10,482,1,1,1,1,87,999.0
1676,2aqe,A,2aqeA00,1,10,10,10,481,1,1,1,1,90,999.0
1679,2m45,A,2m45A00,1,10,10,10,483,1,1,1,1,87,999.0
1680,1ufm,A,1ufmA00,1,10,10,10,486,1,1,1,1,84,999.0
1681,2lso,A,2lsoA00,1,10,10,10,487,1,1,1,1,83,999.0
1682,1w4m,A,1w4mA00,1,10,10,10,488,1,1,1,1,95,999.0
1685,1p6r,A,1p6rA00,1,10,10,10,489,1,1,1,1,82,999.0
1684,1uhw,A,1uhwA00,1,10,10,10,488,1,2,1,1,109,999.0
1686,2p7c,B,2p7cB00,1,10,10,10,489,1,1,1,2,82,999.0
1683,2cso,A,2csoA00,1,10,10,10,488,1,1,1,2,127,999.0
1687,2k4b,A,2k4bA00,1,10,10,10,489,2,1,1,1,69,999.0
1689,2l02,B,2l02B00,1,10,10,10,490,1,1,1,2,82,999.0
1688,2l02,A,2l02A00,1,10,10,10,490,1,1,1,1,82,999.0
1693,2stw,A,2stwA00,1,10,10,10,491,1,1,1,2,96,999.0
1690,2l01,A,2l01A00,1,10,10,10,490,2,1,1,1,77,999.0
1691,2l01,B,2l01B00,1,10,10,10,490,2,1,1,2,77,999.0
1692,2stt,A,2sttA00,1,10,10,10,491,1,1,1,1,96,999.0
1695,1stw,A,1stwA00,1,10,10,10,491,1,1,1,4,96,1000.0
1694,1stt,A,1sttA00,1,10,10,10,491,1,1,1,3,96,1000.0
1697,1d8k,A,1d8kA00,1,10,10,10,492,1,1,1,2,81,999.0
1696,1d8j,A,1d8jA00,1,10,10,10,492,1,1,1,1,81,999.0
1698,2hgc,A,2hgcA00,1,10,10,10,494,1,1,1,1,78,999.0
1701,1tns,A,1tnsA00,1,10,10,10,497,1,1,1,1,76,999.0
1699,2mlg,A,2mlgA00,1,10,10,10,495,1,1,1,1,77,999.0
1702,1tnt,A,1tntA00,1,10,10,10,497,1,1,1,2,76,999.0
1700,2cqk,A,2cqkA00,1,10,10,10,496,1,1,1,1,101,999.0
1703,1g4d,A,1g4dA00,1,10,10,10,497,2,1,1,1,69,999.0
1704,1qpm,A,1qpmA00,1,10,10,10,497,2,1,1,2,69,999.0
1705,2mc3,A,2mc3A00,1,10,10,10,500,1,1,1,1,103,999.0
1706,2k4j,A,2k4jA00,1,10,10,10,501,1,1,1,1,105,999.0
1708,2hqn,A,2hqnA00,1,10,10,10,503,1,1,1,3,109,999.0
1707,2ysr,A,2ysrA00,1,10,10,10,502,1,1,1,1,105,999.0
1709,1bby,A,1bbyA00,1,10,10,10,504,1,1,1,1,69,999.0
1710,2bby,A,2bbyA00,1,10,10,10,504,1,1,1,2,69,999.0
1711,4bxu,A,4bxuA00,1,10,10,10,505,1,1,1,1,69,999.0
1712,2w84,A,2w84A00,1,10,10,10,505,1,1,1,2,57,999.0
1713,2w85,A,2w85A00,1,10,10,10,505,1,1,1,3,57,999.0
1714,1j9i,A,1j9iA00,1,10,10,10,506,1,1,1,1,68,999.0
1716,2jtv,A,2jtvA00,1,10,10,10,512,1,1,1,1,65,999.0
1715,1j9i,B,1j9iB00,1,10,10,10,506,1,1,1,2,68,999.0
1717,2mh2,A,2mh2A00,1,10,10,10,513,1,1,1,1,64,999.0
1718,1oyi,A,1oyiA00,1,10,10,10,514,1,1,1,1,62,999.0
1721,2nri,C,2nriC00,1,10,10,10,516,1,1,2,1,87,1000.0
1720,2nri,B,2nriB00,1,10,10,10,516,1,1,1,1,88,1000.0
1719,2m1b,A,2m1bA00,1,10,10,10,515,1,1,1,1,116,999.0
1724,2lkp,A,2lkpA00,1,10,10,10,518,1,1,1,1,119,999.0
1722,2nri,D,2nriD00,1,10,10,10,516,1,1,3,1,87,1000.0
1727,2m8e,A,2m8eA00,1,10,10,10,521,1,1,1,1,57,999.0
1723,2nri,A,2nriA00,1,10,10,10,516,1,1,4,1,85,1000.0
1726,1v3f,A,1v3fA00,1,10,10,10,520,1,1,1,1,120,999.0
1725,2lkp,B,2lkpB00,1,10,10,10,518,1,1,1,2,119,999.0
1735,3a02,A,3a02A00,1,10,10,60,1,1,1,1,1,51,1.0
1728,4bpe,7,4bpe700,1,10,10,10,523,1,1,1,1,101,1000.0
1732,2xzm,7,2xzm700,1,10,10,10,523,1,1,1,5,104,1000.0
1733,2xzn,7,2xzn700,1,10,10,10,523,1,1,1,6,104,1000.0
1729,4bpn,7,4bpn700,1,10,10,10,523,1,1,1,2,101,1000.0
1734,2xzm,T,2xzmT00,1,10,10,10,524,1,1,1,1,150,1000.0
1736,3lnq,A,3lnqA00,1,10,10,60,1,1,2,1,1,58,2.25
1737,3a01,F,3a01F00,1,10,10,60,1,1,2,1,2,61,2.7
1738,3a01,B,3a01B00,1,10,10,60,1,1,2,1,3,57,2.7
1740,6j4k,A,6j4kA00,1,10,10,60,2,1,1,1,1,60,1.58
1739,2mgq,A,2mgqA00,1,10,10,60,1,3,1,1,1,68,999.0
1741,6j4k,B,6j4kB00,1,10,10,60,2,1,1,1,2,58,1.58
1730,4bpo,7,4bpo700,1,10,10,10,523,1,1,1,3,101,1000.0
1731,4bpp,7,4bpp700,1,10,10,10,523,1,1,1,4,101,1000.0
1744,6j5b,H,6j5bH00,1,10,10,60,2,1,1,1,5,58,2.7
1742,6j5b,C,6j5bC00,1,10,10,60,2,1,1,1,3,59,2.7
1743,6j5b,F,6j5bF00,1,10,10,60,2,1,1,1,4,58,2.7
1747,6j5b,D,6j5bD00,1,10,10,60,2,1,1,1,8,57,2.7
1745,6j5b,J,6j5bJ00,1,10,10,60,2,1,1,1,6,58,2.7
1746,6j5b,A,6j5bA00,1,10,10,60,2,1,1,1,7,57,2.7
1748,6j4r,A,6j4rA00,1,10,10,60,2,1,1,1,9,58,2.8
1749,6j4r,B,6j4rB00,1,10,10,60,2,1,1,1,10,57,2.8
1750,6j4r,D,6j4rD00,1,10,10,60,2,1,1,1,11,57,2.8
1752,5lxu,A,5lxuA00,1,10,10,60,2,2,1,1,1,55,2.14
1751,6j4r,C,6j4rC00,1,10,10,60,2,1,1,1,12,55,2.8
1753,1irz,A,1irzA00,1,10,10,60,2,3,1,1,1,64,999.0
1757,1w0u,B,1w0uB00,1,10,10,60,3,1,1,1,4,55,1.8
1754,3sjm,A,3sjmA00,1,10,10,60,3,1,1,1,1,55,1.35
1756,1w0u,A,1w0uA00,1,10,10,60,3,1,1,1,3,55,1.8
1755,3sjm,B,3sjmB00,1,10,10,60,3,1,1,1,2,55,1.35
1759,1vfc,A,1vfcA00,1,10,10,60,3,1,2,1,1,63,999.0
1758,1xg1,A,1xg1A00,1,10,10,60,3,1,1,1,5,67,999.0
1761,4xrm,A,4xrmA00,1,10,10,60,5,1,1,1,1,59,1.6
1764,5bng,A,5bngA00,1,10,10,60,5,1,1,1,4,59,3.5
1760,1vf9,A,1vf9A00,1,10,10,60,3,1,2,1,2,64,999.0
1765,4xrs,B,4xrsB00,1,10,10,60,5,1,1,1,5,58,3.5
1762,4xrm,B,4xrmB00,1,10,10,60,5,1,1,1,2,64,1.6
1763,5bng,B,5bngB00,1,10,10,60,5,1,1,1,3,60,3.5
1766,4xrs,A,4xrsA00,1,10,10,60,5,1,1,1,6,56,3.5
1767,5ego,A,5egoA00,1,10,10,60,5,1,1,2,1,57,2.54
1769,3k2a,B,3k2aB00,1,10,10,60,5,1,2,1,1,54,1.95
1770,3k2a,A,3k2aA00,1,10,10,60,5,1,2,2,1,53,1.95
1772,6a8r,B,6a8rB00,1,10,10,60,7,1,1,1,2,58,1.6
1768,5eg0,A,5eg0A00,1,10,10,60,5,1,1,3,1,56,3.1
1771,6a8r,A,6a8rA00,1,10,10,60,7,1,1,1,1,58,1.6
1773,5z2t,D,5z2tD00,1,10,10,60,7,1,1,1,3,54,2.62
1774,6dfy,C,6dfyC00,1,10,10,60,7,1,1,1,4,54,2.62
1775,5z2t,C,5z2tC00,1,10,10,60,7,1,1,1,5,53,2.62
1776,6dfy,D,6dfyD00,1,10,10,60,7,1,1,1,6,52,2.62
1778,2k40,A,2k40A00,1,10,10,60,7,2,1,1,1,67,999.0
1779,3rkq,A,3rkqA00,1,10,10,60,9,1,1,1,1,58,1.7
1777,5z2s,A,5z2sA00,1,10,10,60,7,1,2,1,1,50,1.5
1780,3rkq,B,3rkqB00,1,10,10,60,9,1,1,1,2,57,1.7
1781,4s0h,B,4s0hB00,1,10,10,60,9,1,1,1,3,53,2.82
1782,4s0h,F,4s0hF00,1,10,10,60,9,1,1,1,4,53,2.82
1784,1gvd,A,1gvdA00,1,10,10,60,12,1,1,1,1,52,1.45
1785,1gv5,A,1gv5A00,1,10,10,60,12,1,1,2,2,52,1.58
1783,1ig7,A,1ig7A00,1,10,10,60,9,2,1,1,1,58,2.2
1788,3a03,A,3a03A00,1,10,10,60,13,1,1,1,1,53,1.54
1786,1mbg,A,1mbgA00,1,10,10,60,12,1,1,4,1,52,999.0
1789,2vi6,A,2vi6A00,1,10,10,60,13,2,1,1,1,55,2.6
1787,1mbh,A,1mbhA00,1,10,10,60,12,1,1,5,1,52,999.0
1790,2vi6,C,2vi6C00,1,10,10,60,13,2,1,1,2,55,2.6
1793,2vi6,G,2vi6G00,1,10,10,60,13,2,1,1,5,55,2.6
1792,2vi6,F,2vi6F00,1,10,10,60,13,2,1,1,4,55,2.6
1795,2vi6,E,2vi6E00,1,10,10,60,13,2,1,1,7,54,2.6
1794,2vi6,B,2vi6B00,1,10,10,60,13,2,1,1,6,54,2.6
1791,2vi6,D,2vi6D00,1,10,10,60,13,2,1,1,3,55,2.6
1796,2vi6,H,2vi6H00,1,10,10,60,13,2,1,1,8,54,2.6
1797,4rbo,A,4rboA00,1,10,10,60,13,2,2,1,1,55,3.3
1798,4rbo,D,4rboD00,1,10,10,60,13,2,2,1,2,54,3.3
1800,3cmy,A,3cmyA00,1,10,10,60,14,1,1,1,1,60,1.95
1801,1fjl,C,1fjlC00,1,10,10,60,14,1,2,1,1,59,2.0
1802,1fjl,B,1fjlB00,1,10,10,60,14,1,2,1,2,58,2.0
1803,1fjl,A,1fjlA00,1,10,10,60,14,1,2,1,3,65,2.0
1799,2l9r,A,2l9rA00,1,10,10,60,13,3,2,1,1,69,999.0
1804,2m0c,A,2m0cA00,1,10,10,60,14,1,3,1,1,75,999.0
1805,2l7f,P,2l7fP00,1,10,10,60,14,2,1,1,1,68,999.0
1806,2lkx,A,2lkxA00,1,10,10,60,14,2,1,1,2,68,999.0
1807,2l7m,P,2l7mP00,1,10,10,60,14,2,1,2,1,68,999.0
1810,1mbe,A,1mbeA00,1,10,10,60,16,2,1,1,2,52,999.0
1809,1guu,A,1guuA00,1,10,10,60,16,2,1,1,1,50,1.6
1808,1yz8,P,1yz8P00,1,10,10,60,14,2,1,3,1,68,1000.0
1811,1mbf,A,1mbfA00,1,10,10,60,16,2,1,3,1,52,999.0
1812,2hos,B,2hosB00,1,10,10,60,17,1,1,1,1,58,1.9
1813,2hos,A,2hosA00,1,10,10,60,17,1,1,1,2,56,1.9
1814,2hot,B,2hotB00,1,10,10,60,17,1,1,1,3,58,2.19
1815,2hot,A,2hotA00,1,10,10,60,17,1,1,1,4,56,2.19
1816,2hdd,B,2hddB00,1,10,10,60,17,1,2,1,1,56,1.9
1817,2hdd,A,2hddA00,1,10,10,60,17,1,2,1,2,55,1.9
1818,1du0,B,1du0B00,1,10,10,60,17,1,2,2,1,56,2.0
1819,1du0,A,1du0A00,1,10,10,60,17,1,2,2,2,53,2.0
1820,1p7i,D,1p7iD00,1,10,10,60,17,1,2,3,1,56,2.1
1821,1p7i,A,1p7iA00,1,10,10,60,17,1,2,3,2,53,2.1
1822,1p7i,B,1p7iB00,1,10,10,60,17,1,2,3,3,50,2.1
1824,3hdd,B,3hddB00,1,10,10,60,17,1,2,4,1,56,2.2
1823,1p7i,C,1p7iC00,1,10,10,60,17,1,2,3,4,50,2.1
1825,1enh,A,1enhA00,1,10,10,60,17,1,2,4,2,54,2.1
1826,3hdd,A,3hddA00,1,10,10,60,17,1,2,4,3,55,2.2
1828,1p7j,D,1p7jD00,1,10,10,60,17,1,2,5,2,53,2.1
1829,1p7j,C,1p7jC00,1,10,10,60,17,1,2,5,3,52,2.1
1827,1p7j,A,1p7jA00,1,10,10,60,17,1,2,5,1,53,2.1
1830,1p7j,B,1p7jB00,1,10,10,60,17,1,2,5,4,51,2.1
1831,1hdd,C,1hddC00,1,10,10,60,17,1,2,6,1,57,2.8
1832,1hdd,D,1hddD00,1,10,10,60,17,1,2,6,2,57,2.8
1834,1ztr,A,1ztrA00,1,10,10,60,17,1,3,1,1,61,999.0
1833,2jwt,A,2jwtA00,1,10,10,60,17,1,2,6,3,61,999.0
1837,1k61,A,1k61A00,1,10,10,60,20,1,1,1,1,60,2.1
1835,3zob,A,3zobA00,1,10,10,60,17,1,4,1,1,67,999.0
1836,2cjj,A,2cjjA00,1,10,10,60,18,1,1,1,1,63,1.9
1838,1k61,B,1k61B00,1,10,10,60,20,1,1,1,2,59,2.1
1839,1k61,D,1k61D00,1,10,10,60,20,1,1,1,3,58,2.1
1841,1apl,C,1aplC00,1,10,10,60,20,1,1,2,1,59,2.7
1844,4xrs,G,4xrsG00,1,10,10,60,23,1,2,1,1,56,3.5
1840,1k61,C,1k61C00,1,10,10,60,20,1,1,1,4,56,2.1
1842,1apl,D,1aplD00,1,10,10,60,20,1,1,2,2,58,2.7
1843,4l5e,A,4l5eA00,1,10,10,60,22,1,1,1,1,46,1.34
1845,4xrs,I,4xrsI00,1,10,10,60,23,1,2,1,2,56,3.5
1846,1jgg,A,1jggA00,1,10,10,60,26,1,1,1,1,57,2.0
1847,1jgg,B,1jggB00,1,10,10,60,26,1,1,1,2,57,2.0
1849,5jlw,D,5jlwD00,1,10,10,60,26,2,1,1,2,57,2.09
1851,4xid,A,4xidA00,1,10,10,60,26,2,1,1,4,58,2.7
1850,4xic,A,4xicA00,1,10,10,60,26,2,1,1,3,59,2.69
1853,4xic,D,4xicD00,1,10,10,60,26,2,1,1,6,56,2.69
1848,5jlw,A,5jlwA00,1,10,10,60,26,2,1,1,1,57,2.09
1852,5jlx,D,5jlxD00,1,10,10,60,26,2,1,1,5,58,2.75
1854,5jlx,A,5jlxA00,1,10,10,60,26,2,1,1,7,57,2.75
1855,4xid,D,4xidD00,1,10,10,60,26,2,1,1,8,56,2.7
1857,2hoa,A,2hoaA00,1,10,10,60,26,2,1,1,10,68,999.0
1860,1hom,A,1homA00,1,10,10,60,26,2,1,3,1,68,999.0
1858,9ant,A,9antA00,1,10,10,60,26,2,1,2,1,56,2.4
1859,9ant,B,9antB00,1,10,10,60,26,2,1,2,2,56,2.4
1856,1ahd,P,1ahdP00,1,10,10,60,26,2,1,1,9,68,999.0
1861,2h1k,B,2h1kB00,1,10,10,60,26,2,2,1,1,60,2.42
1864,1ftz,A,1ftzA00,1,10,10,60,26,2,4,1,1,70,999.0
1862,2h1k,A,2h1kA00,1,10,10,60,26,2,2,1,2,58,2.42
1863,1san,A,1sanA00,1,10,10,60,26,2,3,1,1,62,999.0
1865,2lp0,A,2lp0A00,1,10,10,60,26,3,1,1,1,60,999.0
1866,2msy,A,2msyA00,1,10,10,60,26,3,1,1,2,68,999.0
1867,2m34,A,2m34A00,1,10,10,60,26,4,1,1,1,71,999.0
1868,2me0,A,2me0A00,1,10,10,60,26,4,1,1,2,71,999.0
1869,2me6,A,2me6A00,1,10,10,60,26,4,1,1,3,71,999.0
1874,5eea,G,5eeaG00,1,10,10,60,33,1,1,1,4,63,2.2
1870,2n8g,A,2n8gA00,1,10,10,60,26,4,1,2,1,71,999.0
1872,5eea,J,5eeaJ00,1,10,10,60,33,1,1,1,2,61,2.2
1873,5eea,A,5eeaA00,1,10,10,60,33,1,1,1,3,62,2.2
1871,5eea,B,5eeaB00,1,10,10,60,33,1,1,1,1,61,2.2
1875,5ego,B,5egoB00,1,10,10,60,33,1,1,1,5,63,2.54
1876,5no6,A,5no6A00,1,10,10,60,33,1,1,1,6,62,2.88
1877,5no6,B,5no6B00,1,10,10,60,33,1,1,1,7,62,2.88
1881,5ef6,J,5ef6J00,1,10,10,60,33,1,1,1,11,62,3.0
1878,5ef6,A,5ef6A00,1,10,10,60,33,1,1,1,8,61,3.0
1880,5ef6,G,5ef6G00,1,10,10,60,33,1,1,1,10,62,3.0
1879,5ef6,B,5ef6B00,1,10,10,60,33,1,1,1,9,61,3.0
1883,5edn,A,5ednA00,1,10,10,60,33,1,1,1,13,60,3.2
1882,5eg0,B,5eg0B00,1,10,10,60,33,1,1,1,12,61,3.1
1884,5edn,G,5ednG00,1,10,10,60,33,1,1,1,14,60,3.2
1885,5edn,B,5ednB00,1,10,10,60,33,1,1,1,15,61,3.2
1886,5edn,J,5ednJ00,1,10,10,60,33,1,1,1,16,61,3.2
1889,3e7l,A,3e7lA00,1,10,10,60,34,1,1,1,1,60,2.25
1890,3e7l,C,3e7lC00,1,10,10,60,34,1,1,1,2,60,2.25
1887,2ld5,A,2ld5A00,1,10,10,60,33,1,2,1,1,67,999.0
1888,2l7z,A,2l7zA00,1,10,10,60,33,1,2,1,2,73,999.0
1892,3e7l,B,3e7lB00,1,10,10,60,34,1,1,1,4,54,2.25
1891,3e7l,D,3e7lD00,1,10,10,60,34,1,1,1,3,63,2.25
1893,4fth,B,4fthB00,1,10,10,60,34,1,1,1,5,61,3.0
1894,4fth,A,4fthA00,1,10,10,60,34,1,1,1,6,68,3.0
1896,3hm5,A,3hm5A00,1,10,10,60,35,1,1,1,2,74,1.8
1895,4iej,A,4iejA00,1,10,10,60,35,1,1,1,1,75,1.45
1898,1w0t,B,1w0tB00,1,10,10,60,48,1,1,1,2,52,2.0
1897,1w0t,A,1w0tA00,1,10,10,60,48,1,1,1,1,52,2.0
1901,1idy,A,1idyA00,1,10,10,60,50,1,1,3,1,54,999.0
1900,1mbj,A,1mbjA00,1,10,10,60,50,1,1,1,4,52,999.0
1899,1ba5,A,1ba5A00,1,10,10,60,48,1,1,2,1,53,999.0
1902,1idz,A,1idzA00,1,10,10,60,50,1,1,3,2,54,999.0
1906,2r5y,B,2r5yB00,1,10,10,60,52,1,1,1,3,59,2.6
1905,1b8i,B,1b8iB00,1,10,10,60,52,1,1,1,2,58,2.4
1904,4cyc,B,4cycB00,1,10,10,60,52,1,1,1,1,58,2.36
1903,1mbk,A,1mbkA00,1,10,10,60,50,1,1,4,1,52,999.0
1908,4uus,F,4uusF00,1,10,10,60,52,1,1,1,5,66,2.55
1907,2r5z,B,2r5zB00,1,10,10,60,52,1,1,1,4,59,2.6
1909,4uus,B,4uusB00,1,10,10,60,52,1,1,1,6,69,2.55
1910,5zjt,B,5zjtB00,1,10,10,60,52,1,1,2,1,72,2.4
1911,5zjq,B,5zjqB00,1,10,10,60,52,1,1,2,2,73,2.44
1913,5zjr,B,5zjrB00,1,10,10,60,52,1,1,2,4,74,3.03
1912,5zjs,B,5zjsB00,1,10,10,60,52,1,1,2,3,72,2.9
1914,1du6,A,1du6A00,1,10,10,60,52,1,2,1,1,64,999.0
1916,4a69,C,4a69C00,1,10,10,60,53,1,1,1,2,69,2.06
1915,4a69,D,4a69D00,1,10,10,60,53,1,1,1,1,68,2.06
1917,1b8i,A,1b8iA00,1,10,10,60,54,1,1,1,1,62,2.4
1919,2r5y,A,2r5yA00,1,10,10,60,54,1,2,1,1,73,2.6
1918,4cyc,A,4cycA00,1,10,10,60,54,1,1,2,1,66,2.36
1922,5zjq,A,5zjqA00,1,10,10,60,54,2,1,1,2,63,2.44
1920,2r5z,A,2r5zA00,1,10,10,60,54,1,2,1,2,75,2.6
1921,5zjt,A,5zjtA00,1,10,10,60,54,2,1,1,1,63,2.4
1924,5zjr,A,5zjrA00,1,10,10,60,54,2,1,1,4,64,3.03
1925,5zjt,E,5zjtE00,1,10,10,60,58,1,1,1,1,58,2.4
1923,5zjs,A,5zjsA00,1,10,10,60,54,2,1,1,3,58,2.9
1926,1puf,A,1pufA00,1,10,10,60,58,1,2,1,1,77,1.9
1928,5lux,K,5luxK00,1,10,10,60,58,2,1,1,2,63,3.23
1927,5lux,L,5luxL00,1,10,10,60,58,2,1,1,1,62,3.23
1929,1pog,A,1pogA00,1,10,10,60,61,2,1,3,1,62,999.0
1931,1ocp,A,1ocpA00,1,10,10,60,61,3,1,2,1,67,999.0
1932,1twf,J,1twfJ00,1,10,10,60,63,1,1,1,1,65,2.3
1933,1i50,J,1i50J00,1,10,10,60,63,1,1,1,2,65,2.8
1934,1k83,J,1k83J00,1,10,10,60,63,1,1,1,3,65,2.8
1935,3cqz,J,3cqzJ00,1,10,10,60,63,1,1,1,4,65,2.8
1937,2nvq,J,2nvqJ00,1,10,10,60,63,1,1,1,6,65,2.9
1938,1twc,J,1twcJ00,1,10,10,60,63,1,1,1,7,64,3.0
1936,3s14,J,3s14J00,1,10,10,60,63,1,1,1,5,65,2.85
1940,3rzo,J,3rzoJ00,1,10,10,60,63,1,1,1,9,65,3.0
1943,1i3q,J,1i3qJ00,1,10,10,60,63,1,1,1,12,65,3.1
1939,6bm4,J,6bm4J00,1,10,10,60,63,1,1,1,8,65,2.95
1947,4by7,J,4by7J00,1,10,10,60,63,1,1,1,16,65,3.15
1946,1twa,J,1twaJ00,1,10,10,60,63,1,1,1,15,64,3.2
1945,3s1m,J,3s1mJ00,1,10,10,60,63,1,1,1,14,65,3.13
1942,4c2m,Y,4c2mY00,1,10,10,60,63,1,1,1,11,69,2.8
1944,3s1n,J,3s1nJ00,1,10,10,60,63,1,1,1,13,65,3.1
1941,4c2m,J,4c2mJ00,1,10,10,60,63,1,1,1,10,69,2.8
1948,3m3y,J,3m3yJ00,1,10,10,60,63,1,1,1,17,65,3.18
1949,3hou,J,3houJ00,1,10,10,60,63,1,1,1,18,65,3.2
1951,3s17,J,3s17J00,1,10,10,60,63,1,1,1,20,65,3.2
1950,3hou,V,3houV00,1,10,10,60,63,1,1,1,19,65,3.2
1952,3s1r,J,3s1rJ00,1,10,10,60,63,1,1,1,21,65,3.2
1953,3s2d,J,3s2dJ00,1,10,10,60,63,1,1,1,22,65,3.2
1955,6blp,J,6blpJ00,1,10,10,60,63,1,1,1,24,65,3.2
1954,5ot2,J,5ot2J00,1,10,10,60,63,1,1,1,23,65,3.2
1958,1twg,J,1twgJ00,1,10,10,60,63,1,1,1,27,64,3.3
1960,1i6h,J,1i6hJ00,1,10,10,60,63,1,1,1,29,65,3.3
1957,3s16,J,3s16J00,1,10,10,60,63,1,1,1,26,65,3.24
1956,4c3i,J,4c3iJ00,1,10,10,60,63,1,1,1,25,69,3.0
1959,4bxx,J,4bxxJ00,1,10,10,60,63,1,1,1,28,65,3.28
1963,3rzd,J,3rzdJ00,1,10,10,60,63,1,1,1,32,65,3.3
1961,3po2,J,3po2J00,1,10,10,60,63,1,1,1,30,65,3.3
1962,3po3,J,3po3J00,1,10,10,60,63,1,1,1,31,65,3.3
1967,4y7n,J,4y7nJ00,1,10,10,60,63,1,1,1,36,65,3.3
1965,3s1q,J,3s1qJ00,1,10,10,60,63,1,1,1,34,65,3.3
1964,3s15,J,3s15J00,1,10,10,60,63,1,1,1,33,65,3.3
1968,1twh,J,1twhJ00,1,10,10,60,63,1,1,1,37,64,3.4
1970,2nvt,J,2nvtJ00,1,10,10,60,63,1,1,1,39,65,3.36
1966,3s2h,J,3s2hJ00,1,10,10,60,63,1,1,1,35,65,3.3
1971,3gtl,J,3gtlJ00,1,10,10,60,63,1,1,1,40,65,3.38
1972,2nvy,J,2nvyJ00,1,10,10,60,63,1,1,1,41,65,3.4
1973,2vum,J,2vumJ00,1,10,10,60,63,1,1,1,42,65,3.4
1974,2yu9,J,2yu9J00,1,10,10,60,63,1,1,1,43,65,3.4
1969,6bqf,J,6bqfJ00,1,10,10,60,63,1,1,1,38,65,3.35
1975,3hoy,J,3hoyJ00,1,10,10,60,63,1,1,1,44,65,3.4
1983,6hlq,J,6hlqJ00,1,10,10,60,63,1,1,1,52,69,3.18
1976,4a3d,J,4a3dJ00,1,10,10,60,63,1,1,1,45,65,3.4
1979,4bbr,J,4bbrJ00,1,10,10,60,63,1,1,1,48,65,3.4
1977,4a3e,J,4a3eJ00,1,10,10,60,63,1,1,1,46,65,3.4
1980,5w51,J,5w51J00,1,10,10,60,63,1,1,1,49,65,3.4
1978,4a93,J,4a93J00,1,10,10,60,63,1,1,1,47,65,3.4
1982,6bm2,J,6bm2J00,1,10,10,60,63,1,1,1,51,65,3.4
1984,6hlr,J,6hlrJ00,1,10,10,60,63,1,1,1,53,69,3.18
1981,6blo,J,6bloJ00,1,10,10,60,63,1,1,1,50,65,3.4
1985,2e2i,J,2e2iJ00,1,10,10,60,63,1,1,1,54,65,3.41
1987,6hls,J,6hlsJ00,1,10,10,60,63,1,1,1,56,69,3.21
1988,6eu3,J,6eu3J00,1,10,10,60,63,1,1,1,57,68,3.3
1991,2e2j,J,2e2jJ00,1,10,10,60,63,1,1,1,60,65,3.5
1986,3gtj,J,3gtjJ00,1,10,10,60,63,1,1,1,55,65,3.42
1992,3hov,J,3hovJ00,1,10,10,60,63,1,1,1,61,65,3.5
1989,4c3h,J,4c3hJ00,1,10,10,60,63,1,1,1,58,69,3.27
1999,4y52,J,4y52J00,1,10,10,60,63,1,1,1,68,65,3.5
1993,4a3b,J,4a3bJ00,1,10,10,60,63,1,1,1,62,65,3.5
1994,4a3c,J,4a3cJ00,1,10,10,60,63,1,1,1,63,65,3.5
1995,4a3f,J,4a3fJ00,1,10,10,60,63,1,1,1,64,65,3.5
1996,4a3g,J,4a3gJ00,1,10,10,60,63,1,1,1,65,65,3.5
1998,4a3l,J,4a3lJ00,1,10,10,60,63,1,1,1,67,65,3.5
1997,4a3k,J,4a3kJ00,1,10,10,60,63,1,1,1,66,65,3.5
